Loan_ID,Lender,Loan_Amount,Interest_Rate,Repayment_Term,Default_Risk,Loan_Purpose,Approval_Time,Application_Date
01a45109-bfd4-4597-9ceb-93cc2f9e269a,M-Shwari,27785,27.76,30,High,Education,7,2023-07-20
c9f66d0d-2188-4b33-a5cc-e45aff642100,Tala,27400,11.98,45,High,Emergency,26,2024-09-05
f78af101-6517-4cfc-a1c6-f4d8885023be,KCB M-Pesa,2105,28.81,30,High,Emergency,26,2025-01-13
09a12753-debf-4c1d-840d-529726edf882,Tala,6122,7.53,30,Low,Education,24,2024-09-01
a32dae92-f417-407b-9481-33b357ad2688,Tala,7267,6.07,45,High,Personal,12,2023-12-11
cba5f7ab-bc25-4058-a856-24e8d40a54ad,Timiza,27639,14.02,60,High,Medical,16,2023-10-17
3ce8064d-365a-4391-b5f5-93a029b39e09,KCB M-Pesa,12113,21.19,14,Low,Education,23,2023-08-28
007f0522-26c2-401f-95f7-432fa3ba9b10,KCB M-Pesa,11089,35.39,14,High,Business,40,2023-04-23
a237c68a-8218-40e6-8900-d83b22980287,KCB M-Pesa,14418,30.45,30,Low,Personal,9,2023-06-30
77b64e61-6323-4b5d-a66a-ccce409c09c3,Tala,20619,30.99,90,Low,Emergency,32,2023-06-25
d8a987e4-7081-437b-ac44-310d91c08a12,M-Shwari,27946,19.89,45,High,Education,15,2023-05-06
7a021b35-d203-403c-9375-02ebd5357992,KCB M-Pesa,13546,17.11,45,Low,Emergency,37,2023-05-28
ca3c785b-e10e-48b9-8012-50e1635ab693,Branch,25318,17.99,30,Low,Personal,13,2023-05-25
f0962e61-c655-4645-ad86-d9c5b7a6355b,Tala,35858,39.57,45,Low,Emergency,5,2023-11-05
4f9227a4-d035-4a3e-bd69-35b28392d490,Timiza,4824,6.4,14,Low,Education,11,2024-01-12
1da686a3-47df-4508-bc49-4582e6a843c1,M-Shwari,11287,35.35,45,Low,Personal,10,2024-02-15
4111ebee-2b73-4e1b-81ce-317862f0c734,Branch,9611,25.25,90,Low,Business,52,2024-03-11
f5900086-5d65-4069-b94a-6707f8b46d5c,Branch,38610,20.35,45,High,Education,13,2024-02-24
3896c884-2229-4c58-99ec-e02097039719,Timiza,16889,30.38,60,Low,Medical,41,2024-06-30
e0011901-5e71-49fe-bd83-efb116049552,M-Shwari,41927,22.03,60,Low,Education,53,2024-12-01
7a590e29-64f6-4507-b8b3-e21c5ff223b3,Tala,14543,35.57,30,Low,Personal,46,2024-05-18
14023dc6-d312-4471-ace6-f63f730c48c1,Fuliza,29246,36.52,90,High,Education,50,2025-02-09
041ef5f0-41dc-40b8-ac87-40dee3c4b44a,M-Shwari,22850,19.76,14,Low,Business,15,2024-10-16
549d4cfa-05eb-4177-aef3-a37a3840a3eb,Timiza,42105,14.69,45,High,Business,42,2023-05-28
bc5063aa-bc3c-4da1-bc19-045295ccedbb,Branch,617,25.73,30,High,Medical,56,2025-03-03
3df2e4f7-ab81-43bd-9ec2-7f9261e636d0,Tala,47185,36.93,14,High,Emergency,7,2024-06-04
faedcabe-4c2b-409a-9e63-d2caefe70c63,M-Shwari,19435,12.37,45,Low,Personal,40,2024-09-11
d19a522d-095b-486f-b1c9-a647ff8c1d84,Fuliza,47577,26.8,30,High,Personal,28,2024-06-14
99b2eb5c-0d20-4674-ad68-7929891483bf,Fuliza,13734,27.1,45,Low,Emergency,32,2024-08-10
1c86dddf-0a1a-4887-8cfa-97c6de4538b7,KCB M-Pesa,38828,30.66,45,High,Business,35,2023-06-13
b64e947a-814e-4615-ba14-69cb0e13c0dd,KCB M-Pesa,1346,9.6,14,High,Business,15,2024-05-03
6b6a0fa8-b95a-4b6b-85a3-441f27d58be0,Timiza,11454,30.05,30,Low,Education,48,2025-02-09
93a2b612-5d87-4e02-84e1-49bbec2ab5fb,M-Shwari,14203,36.82,45,Low,Medical,36,2023-07-01
5de08f64-e6a7-4356-a70d-b24ff351d7cf,M-Shwari,48653,11.29,30,Low,Medical,21,2024-04-07
e583196f-de5d-4478-ac09-6e7d2cd3b8e8,Branch,47014,13.31,60,High,Medical,6,2023-12-01
f30f9dea-6284-49d1-8edd-1b6ef2a0fe73,Branch,23200,39.0,45,Low,Education,1,2024-09-09
fc9cf6fa-dc3f-4fba-ae6d-24bec063f462,Branch,32543,11.33,60,Low,Medical,4,2023-05-25
18f15d43-9a5c-4a74-9582-2c415306e214,KCB M-Pesa,6969,34.9,45,Low,Emergency,11,2023-09-26
564c5edf-7fcb-4f4c-b74a-6e9381113487,M-Shwari,30605,22.23,45,High,Education,44,2023-07-28
faeb4cd5-09f9-4079-ba10-ca25683ae1d7,M-Shwari,42601,13.65,45,High,Emergency,26,2023-09-30
40244d39-c770-42a9-8053-745070351a6c,Fuliza,26886,35.48,30,High,Education,37,2024-07-07
777395b5-4b31-4f7e-a55a-da4a4c867710,KCB M-Pesa,49876,20.59,30,High,Medical,23,2023-11-14
c206f8ea-d73a-45e7-8df5-f13608ea0ca6,Tala,46087,23.02,60,Low,Emergency,29,2024-12-11
7b54cb57-0e47-480c-9554-b86a06c055ad,KCB M-Pesa,37476,17.57,45,Low,Emergency,21,2024-08-30
913e8d50-36f0-4d12-b122-2205be53c36d,Tala,39551,25.75,60,High,Emergency,48,2024-09-19
a54117ce-988d-49f2-80f1-ecb7b08bf073,Fuliza,2548,10.72,60,Low,Education,45,2023-08-01
8937a607-0cee-4a93-97e1-a0578c3a689b,Timiza,39501,18.69,60,Low,Personal,45,2023-09-05
36e6aa97-00b9-4681-9372-4f431a3cf513,M-Shwari,13441,38.93,90,Low,Medical,49,2024-11-18
e6c4f507-3131-49ca-9fb4-c3284a007e2a,Fuliza,45875,14.03,45,Low,Emergency,27,2023-12-13
67fa4a25-c4b0-468c-8d83-03bf58f848be,M-Shwari,43033,27.99,30,Low,Personal,39,2024-03-29
d61151f4-d247-477c-8efc-d3a09b0da127,Branch,2328,16.38,45,High,Medical,40,2023-03-24
b044be90-61e6-46af-8b72-22dbf349965f,Timiza,2417,32.07,30,Low,Medical,13,2024-06-17
569f5551-3a75-44e8-b694-2cd536501187,Timiza,21118,9.58,45,Low,Emergency,23,2024-06-22
30db9a6d-8057-484d-8397-bfeaf815e0d7,Fuliza,32754,38.94,60,Low,Emergency,59,2024-10-31
fc850f0d-84f9-458e-b316-c60ff4ceb63b,Timiza,40256,20.88,45,High,Education,16,2025-03-11
3e58ede6-194d-4546-b81f-d31245351fcb,Tala,47862,13.26,30,Low,Personal,30,2024-06-13
d261ae87-19ff-4aa0-8b18-d52e283a8400,Timiza,20628,7.57,30,High,Personal,4,2024-09-16
2568e4bf-15fb-4b2b-a50a-afa6c9648d11,M-Shwari,46245,10.94,45,High,Emergency,40,2023-07-11
d191e246-eb03-44b2-aa3a-205ef0abd1f9,M-Shwari,509,23.19,30,Low,Medical,16,2023-09-27
44a2076a-e779-43bb-9921-91558ab1b91e,M-Shwari,17144,16.8,60,High,Emergency,31,2024-02-02
f2507c92-1b32-4515-95a6-752001fe2af4,M-Shwari,22922,34.01,30,High,Medical,53,2024-11-10
71fa852a-e3c7-4ee5-845f-f0c3270efd93,Tala,10365,20.08,30,High,Medical,42,2023-07-16
fe26bc16-61d3-4875-b659-9a65a053c875,KCB M-Pesa,2719,13.7,14,High,Emergency,25,2025-02-19
9518db69-7fcf-4f43-91c1-e8c226fab1d9,Branch,40309,26.6,45,Low,Business,44,2023-04-17
60ec343c-e40a-42af-947c-b6feb4e2fd00,Fuliza,5787,29.74,45,Low,Personal,12,2024-08-10
6adfad5d-2057-45bc-a40b-bd34ebab7f24,M-Shwari,34887,10.85,30,Low,Medical,26,2024-12-20
ca72803e-11de-41d7-ba76-f6cce813184e,Timiza,9012,10.87,14,Low,Medical,37,2025-03-02
0f36886d-e0c2-4209-b74e-6c7bb6623412,M-Shwari,1842,6.28,45,High,Business,48,2023-06-02
31525be2-f1d5-4fe4-9083-afd5fd60e8a1,Timiza,43836,30.77,30,Low,Education,33,2024-11-19
09f39cca-999b-409b-9cdc-c0be1b7681bb,Branch,19716,28.23,45,High,Business,28,2023-03-23
3992fa25-d1b4-4c18-95e9-e5c0123567e2,Branch,28034,21.61,45,High,Business,9,2024-10-30
c3a7cfe1-7d5c-41a4-97fa-df88230bc2e2,Branch,14731,34.55,30,High,Medical,12,2023-06-02
ec8fe1fa-728b-4578-9dbd-56d390f88fc1,Timiza,32793,33.2,30,High,Personal,5,2024-10-20
2241d488-99c7-4451-90df-36c85050d45f,M-Shwari,27114,25.49,90,Low,Business,54,2024-02-19
bfbf506f-96a6-4a82-b395-c0a84ba575bb,Branch,36758,35.39,45,Low,Education,52,2024-04-26
f430cfad-bc77-44dd-8338-d9d4b56c527e,Tala,28753,12.2,45,Low,Emergency,54,2023-12-07
07980b67-e476-4919-9abe-51dc81b15f9d,Timiza,42578,8.92,30,Low,Business,28,2024-11-17
7fbfee79-a39b-42c2-a0b5-24766c9c821f,Timiza,41252,14.44,45,Low,Business,56,2024-01-29
e0b5ec6a-c9d3-479e-9ee6-e3cb5c213b5a,M-Shwari,18488,7.0,14,Low,Education,35,2024-12-24
dff70fc1-0388-47bc-993a-bfe251366de9,Timiza,31537,23.59,45,High,Personal,5,2024-07-01
49672dbe-3cc8-4dbb-b7d7-db6535dacab4,Timiza,12719,37.78,90,Low,Business,34,2023-12-02
b3a6d3cf-2947-40ac-9be7-099b124f4647,Branch,735,6.38,30,Low,Business,46,2023-04-19
dd03dbd4-d369-40c3-80d7-063a19ce50b3,M-Shwari,43429,9.27,14,High,Personal,34,2024-01-07
f61f7e66-a2e6-4e9a-be08-bdb540b3e5fc,Branch,2408,20.83,14,Low,Education,13,2024-11-12
c2dec7b5-4402-437a-922f-c079d194b4b4,Branch,9067,37.69,30,Low,Business,39,2023-06-15
9c9a4ba8-8445-4964-bcce-345e2a7dcec1,M-Shwari,36798,16.07,30,High,Personal,42,2024-02-19
ea8b1006-47b6-4ff2-bb96-80a80281061f,Fuliza,5756,22.75,14,High,Business,45,2024-02-17
2db007d5-3536-4d75-91af-171846c05417,Branch,19519,6.46,60,High,Emergency,48,2024-04-06
e4959967-194d-480d-8d71-24609bdc1f75,Tala,8662,10.19,45,Low,Medical,58,2023-06-08
d78ead53-9ebf-49c0-afcd-4bee2c947d29,Tala,5915,39.53,30,High,Emergency,14,2024-10-10
70c0716e-c528-4111-b90a-5fca45858abb,Timiza,36659,38.78,90,High,Business,11,2024-03-16
e25aa0a6-5a4b-4ff7-b64a-3140e781a8ca,Tala,44425,5.17,30,Low,Education,42,2023-07-05
3ac7bcb9-86ac-40d8-a78e-7234dfde4c71,Timiza,6451,38.31,90,High,Medical,38,2023-10-08
635c9c32-2767-4fd1-8b7b-0930f549a03f,Fuliza,22352,27.37,30,High,Emergency,4,2023-12-13
3fcbff1e-233a-4854-8159-f3bd648c60ab,M-Shwari,8507,35.38,60,Low,Personal,53,2023-06-08
ec7e8144-e093-49bd-9f76-3cb84cc99505,M-Shwari,42332,20.92,45,Low,Education,33,2024-04-24
f05b9988-e490-4877-a33a-52ac4e8cf325,M-Shwari,31023,23.05,60,High,Emergency,7,2024-07-05
29018d91-a437-4dc3-9648-d812cca3db56,Tala,23825,22.11,90,High,Personal,56,2024-12-28
e244fe18-d941-47ef-9fe8-585ed88482f2,Fuliza,21704,28.34,30,Low,Business,41,2023-06-10
9cd398f9-0610-4547-9319-8d869ca74410,Tala,16024,9.89,90,High,Personal,8,2025-03-05
157857fa-bcb9-43fa-9773-163288a5eb7b,Tala,19782,6.05,30,Low,Emergency,37,2023-05-29
1f761efe-3c2d-4c6c-9bc5-b6663746c382,Fuliza,24430,15.78,30,Low,Emergency,51,2024-06-09
3369e738-d3d6-4f07-b4be-d3501bfb2e1c,Fuliza,577,29.66,30,Low,Business,10,2024-06-26
1799b672-f5ac-4f57-a356-25cbb65d199c,Fuliza,40845,12.06,45,High,Personal,43,2024-11-12
0f31d8c3-128b-4b17-b758-ec0c65c5d05a,Fuliza,21111,28.57,30,High,Personal,57,2023-07-27
95c36c30-99a7-44ef-80f2-6669ff2d62e1,M-Shwari,17484,38.95,45,Low,Business,15,2024-06-10
0bfc2890-220b-4ec8-bee0-0cc964c9a8e4,KCB M-Pesa,14560,8.29,45,Low,Personal,38,2023-08-16
78f23a2f-b573-4698-8f9a-ad52dd5b170f,KCB M-Pesa,17949,28.54,60,Low,Business,15,2024-03-02
9d89f66d-80a6-4732-b25b-d6c882ca4469,Fuliza,19020,20.53,60,High,Education,5,2023-10-06
428098cc-d838-48fe-ba93-33d97dc25dc6,KCB M-Pesa,43803,35.38,45,High,Emergency,29,2023-10-10
c91ce207-759b-4a9f-b7df-df216b969b97,KCB M-Pesa,10010,11.2,30,High,Education,19,2023-10-23
3f8d9515-9e7a-4a58-84b7-348940682737,Fuliza,29787,29.24,30,High,Medical,54,2024-06-05
3d0af738-a3bf-4856-bba9-47d2e76833ca,KCB M-Pesa,28673,34.33,30,High,Medical,51,2025-02-21
0ec5d4e6-1580-43fe-aacd-71f12e8d6844,Tala,40211,38.06,14,Low,Medical,10,2023-05-19
a6d1faaf-72ee-4c56-a491-57c9ed7c3bff,Timiza,12454,28.91,30,Low,Business,12,2024-04-27
04da73d0-7fc8-4e2d-a9c7-67886bc3bd51,Timiza,8304,22.4,30,Low,Personal,54,2024-09-10
9f401c15-ce1d-4360-bffb-ea62e27a7eb0,Fuliza,7065,26.62,90,High,Education,4,2024-05-10
658d749e-006f-4f5c-a70d-cf2e9b45b9c0,M-Shwari,6484,35.41,45,High,Education,31,2024-01-19
1e3cfb4f-7e81-41d8-9be1-fde475aec2e0,Fuliza,22026,24.97,30,Low,Education,18,2024-09-26
aaa284a3-2c79-4552-920b-46e5961c6c6e,M-Shwari,37938,6.06,45,High,Education,16,2023-09-24
eea0a0ce-1fe2-4ea6-868d-648d1b07a41d,Timiza,19074,37.58,30,Low,Medical,40,2024-12-27
5601517c-3460-4e81-a666-ff0d25847c63,Fuliza,9684,29.13,45,Low,Education,36,2024-12-26
5bb6ee2c-8c54-4a4a-a07a-c46b0c8860e2,Branch,19596,28.68,45,High,Personal,25,2024-07-01
7c3bcf31-211a-4f87-bbb8-f76c10f923d8,Tala,2692,12.55,45,High,Medical,23,2023-04-23
7ddfeb9e-a479-42b2-8b53-3803b7937cf8,KCB M-Pesa,34516,28.06,45,High,Education,12,2023-04-25
0a293147-6ffe-42f8-bbf8-9583e2d3a957,M-Shwari,11746,18.79,90,Low,Business,34,2023-04-18
4afa3d8b-7ebe-4b33-b858-0155c642291b,Branch,46058,27.79,60,Low,Emergency,36,2024-10-27
c8d1dffb-fa30-4fb8-b223-3d01b7158994,KCB M-Pesa,18881,8.73,45,High,Emergency,37,2023-06-17
ea66f515-639d-49fa-9329-a656cf7af912,KCB M-Pesa,36955,28.02,45,Low,Emergency,3,2024-03-10
d363a9b7-9252-45fa-9503-bad0012d3676,Fuliza,27227,39.98,45,Low,Medical,9,2023-05-02
e0d9710c-2125-4169-ba0a-3c1f6aff800f,KCB M-Pesa,4518,6.69,30,High,Education,53,2023-07-11
f353f3e6-af61-459d-a8f3-b2b64da836cb,Tala,11802,39.2,30,Low,Medical,18,2023-11-18
a6c37652-2bd7-49b1-8cd5-0efdef4a984d,Branch,2470,19.24,14,High,Personal,43,2024-01-05
b4c3fd8c-d7d4-4bdb-abb6-0aa256b46f1a,KCB M-Pesa,41657,35.48,45,High,Business,35,2025-01-15
b2cc154f-3551-4ff9-8477-9550a3e25ca3,Fuliza,27702,32.38,45,Low,Business,57,2023-06-18
ab609ee3-8c37-4ab2-8a4b-ac6e33293d5d,Tala,31610,24.85,30,Low,Emergency,55,2023-07-11
b0c62282-2a2a-44b9-b969-e70d101d017a,Timiza,18086,30.85,90,High,Emergency,34,2025-02-06
ad721619-2aae-4636-a723-3e6301c4e90f,Branch,25019,35.75,90,High,Emergency,41,2023-06-16
e21ed33b-9f5b-4381-abe2-da54c4d43a1a,KCB M-Pesa,31773,19.14,60,High,Education,14,2023-07-19
7dd0fa13-f042-4be0-9143-7fec07ef325d,Fuliza,22451,16.45,45,High,Personal,4,2024-09-09
e5a7b25e-56d7-4347-b378-010b5f8850ad,Timiza,15874,28.37,60,High,Personal,29,2025-01-20
76c443a9-1c0e-4b78-892f-545c1c20a062,Timiza,6288,33.27,30,High,Personal,41,2024-02-18
b2579950-a194-449c-9752-bc45dd9c869c,M-Shwari,5908,31.68,60,Low,Personal,45,2025-01-15
674b3fe6-3c57-42de-b604-e104e6f7aa33,Tala,25553,32.92,30,Low,Emergency,50,2023-10-23
79b8272b-7a72-44b5-8fc7-698e6b3d17e5,KCB M-Pesa,9946,20.25,60,Low,Business,15,2023-09-29
59b3de47-054d-4bb8-8aa4-b6a18c06c5d3,Fuliza,1422,33.62,30,Low,Emergency,28,2024-11-15
ad213202-caf3-4980-a7ae-f268671d23eb,M-Shwari,33687,9.21,60,Low,Personal,42,2024-03-31
eddbfae2-5004-49a8-be40-6da833831a6f,Tala,11289,24.06,90,Low,Emergency,16,2023-10-20
51915791-7297-41aa-b00d-7151a298d8e0,M-Shwari,32684,5.2,30,High,Personal,12,2024-08-19
bb13bbaa-3c71-49e8-8384-6fbbdc33108f,Branch,1620,16.36,45,Low,Medical,52,2024-01-03
8e0d02ba-10b4-408b-a209-ce3b24805c3b,Tala,44528,17.83,90,Low,Business,5,2024-08-27
922c05cf-17f4-4b22-ab52-b43a18a84df9,Tala,32654,18.87,45,Low,Medical,34,2023-11-12
c964507a-1322-4193-9c55-f85184d47f66,KCB M-Pesa,17834,29.34,60,Low,Education,42,2023-05-30
4ba5f094-5f5c-4151-bd4c-5872abe97161,Tala,2836,18.6,45,Low,Emergency,1,2023-05-22
778bff2a-21ef-4cbb-a9ee-1ea52dfcd4c2,M-Shwari,38641,20.7,30,Low,Education,39,2024-07-19
ecf733fa-a246-4886-a6b3-7ded20b1997a,Tala,2743,13.31,30,Low,Emergency,32,2023-08-25
fe31edf2-e111-4739-9d80-461273b95a55,KCB M-Pesa,19529,18.06,30,High,Medical,26,2024-12-23
1016a203-1f15-46d9-a8ee-2e4ef828ce79,KCB M-Pesa,32765,12.95,60,High,Personal,17,2023-04-26
a4a19516-17f6-4726-a01a-3dfddeb4c12e,Branch,37880,7.56,30,High,Personal,48,2024-09-21
804c2020-2472-49ea-944f-3fb8890addbe,M-Shwari,47214,26.12,45,High,Emergency,59,2024-09-23
6631a9b0-b0ac-4d9a-88ef-fe71db728c4b,Timiza,44372,28.39,45,Low,Personal,27,2024-06-09
9dda5c67-1393-4dca-b4bf-c97226dcd253,Timiza,46697,26.68,45,High,Medical,24,2023-11-27
7e5e5f77-8a77-47ef-a3ee-59f7530fa8b8,Tala,24210,21.22,60,High,Personal,35,2025-02-04
09050f48-f95e-4be6-9b89-fdbf495043c5,Branch,29986,18.29,90,Low,Medical,46,2024-05-12
5cb70604-7102-4e90-a067-8beddd74f814,Fuliza,6871,35.22,45,High,Education,42,2025-02-26
e6403497-be6c-431b-978a-7673514414ec,Tala,6859,23.17,60,Low,Medical,54,2024-02-14
b0e4cbad-6512-4d06-860e-3c1e7db60a1e,Branch,41131,21.77,60,High,Business,39,2024-11-27
9ce9a33c-c0b8-4ff4-b798-a00877b78ce9,M-Shwari,36496,5.9,45,High,Business,26,2023-07-18
aa4d005a-52b4-4e31-96a6-d1db660f1515,M-Shwari,20603,16.94,90,Low,Business,49,2025-01-11
39f90aa3-4ac8-42ea-a3a9-4fbb5e74ebbe,M-Shwari,14882,18.31,30,High,Emergency,38,2023-06-24
4862174d-ef8c-4694-b1e4-e13e88dc2948,M-Shwari,19255,18.96,30,High,Emergency,23,2024-03-02
922659a5-ee45-4da6-a373-6ac7b7042f2d,M-Shwari,36159,25.31,60,High,Emergency,22,2024-02-21
5bbbd071-4c10-44b7-9a2f-09be19f033c0,Branch,4256,23.68,45,Low,Medical,4,2025-01-24
c540636d-54fa-488a-ad34-997bb44e5c2c,Branch,21109,26.28,60,High,Emergency,49,2024-09-10
e7e8bad8-3a5e-487a-aba8-660dcd9fba67,KCB M-Pesa,49038,31.77,60,Low,Education,59,2023-12-05
ae344983-b8b3-4765-96e3-64712db43c59,Timiza,16978,33.45,14,Low,Business,9,2024-04-15
37d985ab-6874-44c0-93fc-902ec77344ea,M-Shwari,35942,30.13,60,Low,Medical,4,2025-01-26
11203bd7-f75a-4b53-a0ce-24777e0d65ae,Fuliza,40166,38.44,45,High,Business,7,2024-11-08
b4e644c4-d1d3-4733-b248-93e5e345f333,Branch,10647,5.64,45,High,Emergency,23,2023-05-19
ff8a9929-6458-4d30-9d10-4f5d4047ecce,Fuliza,34061,11.85,45,High,Medical,2,2024-03-16
8cc26d38-cceb-4d93-97c2-67af942cf16a,Fuliza,35384,5.26,90,High,Personal,49,2023-12-10
7ddc71d9-dff4-4611-9b8e-0ca1a7e80fbc,Fuliza,6279,27.66,14,Low,Education,24,2024-07-09
4642f4a1-be76-4712-97d8-5c70aaa2fab5,KCB M-Pesa,12798,36.43,45,Low,Emergency,40,2024-02-03
79544330-8f68-4a43-882a-528363142295,Branch,14653,13.52,45,Low,Emergency,55,2023-12-06
5213105b-0b21-40d6-8595-afcf2cdb2f46,Fuliza,44379,37.45,60,Low,Education,31,2024-04-10
c317465d-efea-4489-bf3a-839390c8c0d2,M-Shwari,11289,7.11,45,Low,Education,47,2024-09-22
2a207472-abc6-432a-abb3-2c68bc58e2a1,Tala,44665,37.71,30,Low,Personal,31,2023-10-17
9ea48c79-973f-4f85-8235-66735889368d,Fuliza,13499,17.31,30,Low,Emergency,47,2024-08-03
c21bd71d-5fc9-4874-a150-e26015f10177,KCB M-Pesa,1314,8.55,30,Low,Emergency,40,2024-12-12
2140de09-5c1c-41eb-b7d4-83470448a81c,Branch,49997,22.01,60,Low,Business,48,2025-03-04
55ee148d-3544-4963-aa2c-99dbb4683763,KCB M-Pesa,11041,13.99,30,Low,Medical,51,2024-10-18
a473337f-1964-4238-b527-135cae373fec,Fuliza,25438,14.97,30,High,Medical,43,2024-07-05
38036557-c2ae-4077-9c20-6ae4fdf1921b,Branch,2943,15.76,90,High,Business,34,2023-11-05
9b2c5514-ec6e-409e-b756-cd579c32b28b,Tala,10957,33.11,14,High,Medical,55,2023-12-05
acc0dcfa-ad47-42b2-8686-10e3de0e61c8,Fuliza,10880,23.87,90,Low,Education,24,2024-05-01
4a7a4f01-1caa-4c61-8fde-4f631efaa502,KCB M-Pesa,8283,15.9,45,Low,Medical,49,2024-09-03
9ed8abe8-1543-47e6-bbd7-e5ffe96c0f8c,Timiza,44741,26.36,60,High,Medical,26,2024-07-17
267559f0-7a33-4c86-8e11-ef2f9affdaad,M-Shwari,17868,30.07,30,Low,Business,16,2023-04-18
5bf1a849-0c2d-41e6-968c-bcc52fbd9c1d,KCB M-Pesa,15828,14.54,14,Low,Personal,57,2024-07-28
6d4062e2-b8b5-41a9-9308-d0b536186a01,Branch,26715,19.47,60,Low,Medical,47,2024-11-11
2cd6dc77-0223-47f3-a656-35896a06f062,Fuliza,34095,9.27,60,Low,Medical,13,2023-08-08
1133575d-9df0-41bf-aa9d-ce6ff5e5b983,M-Shwari,27806,11.34,60,Low,Personal,15,2024-03-18
be99dc0d-51c0-4efe-9c37-647b1882ec76,Fuliza,20415,28.84,30,Low,Business,27,2024-07-22
5ce11f62-362c-4b9f-87f6-705610e0afb4,Branch,40415,11.35,60,High,Personal,4,2023-04-18
e5591319-f061-431e-9c62-f4bb568b2cb8,Fuliza,37719,23.38,60,Low,Business,16,2023-09-16
92336cb4-a307-4350-8050-f3826921e2b5,Timiza,15843,29.82,45,Low,Education,30,2023-11-20
532795d4-800f-4b55-917c-ef548a9f2032,M-Shwari,46903,8.74,60,High,Business,44,2023-11-28
ec418f43-6bb8-479e-8e1f-08839169db20,M-Shwari,39227,24.86,60,Low,Education,30,2025-01-02
3098899c-c811-4bf2-bc56-fcf9f714d793,Branch,626,13.98,45,Low,Education,36,2023-04-09
622c4694-cafd-4f71-80a7-455e36654c9a,Timiza,28132,38.7,14,High,Business,3,2023-05-27
1b1d7fb9-bde6-4c12-8504-919fcf051905,KCB M-Pesa,42063,21.92,45,Low,Emergency,22,2023-04-17
08d800ae-1404-4fb8-9e7c-ff958f4ebcc7,Fuliza,44909,33.21,14,Low,Business,49,2024-12-13
e0297115-6b27-4f88-bd46-b4e914a09fd4,Tala,21030,24.26,45,Low,Medical,22,2023-03-25
5b3c91dc-9d96-4aa9-96f4-b5e3cf03e589,Fuliza,40464,6.52,45,Low,Medical,50,2024-12-12
28b25df6-a8a6-4fbe-93cd-631f24450c0c,Fuliza,44827,27.16,14,Low,Emergency,57,2023-10-19
0617ebfc-c838-4591-87ee-aa1bfb2060b4,KCB M-Pesa,3868,38.3,30,High,Education,50,2024-01-01
5b49c26d-03aa-4413-827f-e5c5fa8bf924,Fuliza,4297,26.06,30,Low,Emergency,55,2024-01-10
b05d3f83-6163-41ce-ae7d-816dd3457d71,Timiza,48382,33.67,60,Low,Medical,49,2024-08-07
291e0686-5404-4a1f-bbc2-b79e7548ab7f,Timiza,14218,35.95,90,Low,Emergency,12,2023-12-18
2a02ea44-2eb1-4d9b-a41c-182d48d75ca9,M-Shwari,35060,12.98,14,Low,Business,55,2023-11-12
3dd7c612-d9b7-49ee-834f-14bd22200f2c,Branch,11553,12.42,90,High,Emergency,21,2024-02-25
e08db93b-8b08-409e-9e93-0be0d08f684c,Tala,22616,26.38,45,Low,Education,56,2023-04-20
feea93c5-cba9-4e3c-852b-3f1a9280d210,Fuliza,36744,19.39,30,Low,Business,4,2023-04-30
488461d0-c1ed-4a3f-ad62-3b0f4f017e89,Fuliza,36685,34.4,14,Low,Personal,31,2024-11-18
aac2e95c-32a5-4ef4-a3c9-cfe93cc9df2f,KCB M-Pesa,2145,36.5,45,Low,Medical,44,2024-02-21
9fb0c6f1-93fc-49a4-9fcc-1b51d04736ae,Branch,48023,17.37,60,Low,Medical,31,2024-12-22
327c3fb9-8d07-48b5-b235-95afb219970a,Timiza,19756,13.29,60,High,Emergency,58,2024-08-23
59371c9e-6894-45bd-8174-be933beea307,Tala,36340,32.32,14,Low,Business,23,2023-05-20
38b86b77-9160-4511-bdc6-812bbb1f7c4b,M-Shwari,35122,14.62,14,Low,Personal,54,2024-04-27
a2c0bea6-4aad-4e38-b7d4-de1f0a3a744d,Timiza,37930,33.79,45,Low,Business,53,2025-02-15
43bd1a74-7235-4170-b87b-1cff4fdd6ea7,Branch,39782,19.83,30,High,Medical,20,2024-05-15
34c50cf4-d1e8-4648-b240-2ad4eedd9a14,M-Shwari,3208,28.36,30,Low,Business,15,2024-08-19
2a8caa40-8445-4356-b1a6-716b58eff5c2,KCB M-Pesa,12194,8.34,30,High,Personal,23,2023-07-17
69cc37be-1d5c-4708-8e8d-f42584f00700,KCB M-Pesa,10024,26.84,60,High,Emergency,28,2024-01-18
a775b7ed-8084-4114-b84b-72e294d69281,Fuliza,32380,20.81,90,High,Education,16,2023-07-01
206ae7a4-0492-49c7-af6a-06b20c4ea9b2,Branch,39724,25.53,45,Low,Business,37,2023-06-25
00a64022-7fd2-4f0c-878b-31895f77b08c,Tala,37480,10.88,90,Low,Education,21,2024-07-02
f2af018d-177d-488d-8bff-8c68c6f384d2,M-Shwari,32909,30.79,30,High,Medical,15,2024-08-25
50e89f86-d8d2-4bd0-a774-1e7d433c984a,Timiza,13724,35.2,45,High,Emergency,17,2024-09-15
50da7a4e-54f5-49bc-b4d5-de6bfa36c699,Branch,41238,12.59,30,High,Emergency,50,2024-07-12
4b0f1455-0b5c-41fa-b2bd-c08b706e5722,Branch,25650,8.35,45,Low,Business,37,2024-01-03
04ed6b44-96b5-46b5-adab-3d4778f63928,KCB M-Pesa,34893,5.83,90,Low,Emergency,13,2024-05-12
97de561a-2fe1-4132-83c6-cd4d234af2e9,Fuliza,43582,27.47,45,Low,Business,19,2024-12-14
47829847-5241-453f-bfd1-8233962f1b3f,Fuliza,8473,26.25,30,High,Business,30,2024-04-20
19a23865-ed86-4010-8cde-63d20b175fec,M-Shwari,9077,24.13,45,Low,Education,45,2024-06-19
1fdc1794-bd4a-4891-8f75-aaac32bb73d4,KCB M-Pesa,8570,13.12,30,Low,Emergency,18,2025-01-26
22c892de-3f77-4aab-955b-f21e1e6e0ca4,Branch,9166,18.68,60,High,Business,14,2023-06-17
c3acad80-356d-4cb5-9d6d-93d262607c68,Tala,36868,25.81,45,Low,Education,36,2024-02-03
03f9cf26-5d2f-4165-97e1-d8a9fe80acd7,KCB M-Pesa,7283,22.39,45,High,Personal,36,2024-04-24
875ee894-7a3b-4ba2-a732-4f5d61f154ae,M-Shwari,46494,39.57,45,Low,Education,20,2023-08-06
aa179215-5340-4679-9090-f625b63d8971,M-Shwari,42414,9.78,45,Low,Education,52,2023-09-26
8c62052e-b796-468b-bcba-aa418b39b237,KCB M-Pesa,5471,29.33,14,Low,Business,19,2025-01-29
65551074-df82-4d30-aa31-c0e7bf0683ad,M-Shwari,13990,19.15,45,High,Medical,45,2023-10-24
67f1ab47-7454-46e3-b926-0a517f660f5a,KCB M-Pesa,46219,19.99,30,Low,Medical,44,2025-01-13
23f5979a-f9d0-4854-9f71-858004516e24,Timiza,45580,30.12,60,Low,Medical,7,2024-09-24
f2a33e4f-b31b-4cd5-914d-0c1fa4b5e9a2,KCB M-Pesa,2490,29.24,60,High,Education,57,2024-08-10
45d47d36-b1dd-4597-b1fe-6891df480bd2,KCB M-Pesa,5799,39.69,60,Low,Business,44,2024-09-28
477dec9d-ad20-4d12-9bcb-5cb3d06e10c5,M-Shwari,46265,9.49,45,Low,Emergency,53,2025-01-07
1ffc576c-0752-4afd-a45a-abe5c325befe,M-Shwari,20456,8.64,45,Low,Education,4,2024-12-17
bbf7dc6d-31df-465f-b323-4258505b3c6f,Fuliza,22859,30.35,30,Low,Education,59,2024-12-27
e4d03372-291a-4e5b-ac41-dad7471e4c01,Fuliza,46740,25.24,60,High,Business,34,2023-10-30
b9187bd0-062a-4f65-8fe4-59755e96c26c,Timiza,37648,14.6,30,Low,Personal,2,2023-09-17
31a6aa90-3c01-4e86-bfea-2fceab3cb4a1,Fuliza,29234,7.78,45,Low,Education,5,2023-09-18
bb6f2245-718a-4bb6-83b2-5211052e801a,KCB M-Pesa,5257,8.0,30,Low,Personal,55,2025-02-08
dd10d1c9-a97b-4203-b788-7296b3c5d75a,M-Shwari,19597,36.3,30,High,Personal,10,2023-08-06
6a4247aa-e564-449c-bb1b-0c48cf8813f0,Fuliza,10895,11.72,45,Low,Medical,32,2024-11-16
d0286c18-5f92-41db-83b4-229f6685a83d,Fuliza,16741,16.32,14,Low,Business,42,2024-03-22
29f49461-1c84-4ea4-bfa7-eea8e279b6db,Timiza,38856,12.93,60,Low,Personal,41,2024-10-14
62976a6a-7c34-4861-9757-9370a121c597,Branch,28196,17.42,30,Low,Business,13,2024-05-16
b885d038-4e2e-44ff-8205-fe46cc727585,Timiza,5444,7.43,14,Low,Medical,39,2024-06-27
45b35aa8-ad38-4110-90df-1d843210ffa5,KCB M-Pesa,46663,23.17,45,Low,Business,5,2025-03-02
7553bcf6-383e-4926-88b8-c7df18988376,M-Shwari,20316,7.37,14,High,Education,58,2024-08-27
7988a765-6e94-4d7e-bc77-4931839e24c9,Timiza,37511,33.01,30,Low,Personal,10,2024-04-06
76d7ae59-f42f-4743-95c9-faa19de82816,Fuliza,25417,13.18,60,High,Business,10,2024-05-18
29eb15aa-bf49-4226-b88a-a9c121ba2212,M-Shwari,31695,23.9,14,High,Emergency,38,2024-03-03
295e75ec-f4b5-4629-860b-90bad499e1f2,M-Shwari,22066,35.8,60,Low,Business,27,2024-11-08
cbba4f4b-8ea6-4217-9b87-71f9530bdeff,Fuliza,10416,27.78,14,Low,Personal,51,2024-09-19
0e7ccb59-616d-4b0b-963c-7ac96bf158d8,Timiza,21306,23.65,30,Low,Medical,21,2024-07-29
fa8d2260-315b-4427-8ac2-6cca19968c12,Fuliza,10484,16.35,60,High,Medical,8,2023-04-14
e55db990-2b85-4608-b7bc-7a993dbd0d7e,Branch,2259,16.66,30,Low,Personal,1,2024-01-31
dff7a298-da6c-4217-8955-818ec7248135,M-Shwari,42449,28.43,30,Low,Education,28,2024-04-04
b58c2359-9eff-4cf5-9d06-451692951e09,Tala,27338,39.79,30,Low,Education,49,2024-05-04
54389da3-7fcd-417d-9699-cafaa02dae81,Tala,2982,28.16,30,High,Medical,39,2023-03-20
384722c2-6247-4c90-9e32-a9e2d4844487,KCB M-Pesa,24942,24.52,60,High,Medical,14,2023-10-14
090333db-e718-409a-97e8-1ae5e762b611,Fuliza,34219,30.57,30,Low,Personal,21,2024-11-23
c5447383-d36d-43bc-852f-9c7cecd926a4,Fuliza,28465,21.28,60,High,Education,30,2024-01-02
d129138a-f4fa-4335-9cba-2a64937cf33b,KCB M-Pesa,2579,7.1,60,Low,Medical,21,2024-01-19
ce22536d-dfe2-467a-9419-d3d0dc472c7c,KCB M-Pesa,3217,24.68,45,Low,Education,49,2023-08-13
835d26fc-60d9-4bcb-8135-9f94418f1d8a,KCB M-Pesa,28452,38.52,90,High,Medical,9,2024-04-30
10c52ce0-6768-4c67-acd4-c7e516338c20,M-Shwari,21408,11.14,30,Low,Business,17,2024-02-13
f3275676-ab02-43ba-ba4a-8392b40729e1,Branch,42960,29.15,90,Low,Emergency,5,2024-07-04
94c2a526-adb9-4383-99f7-1b1e0d6e609c,Fuliza,25361,12.03,14,Low,Business,58,2024-01-21
bee2a1d6-38e7-4a1e-9a71-b5a6682e5341,M-Shwari,7811,23.75,45,High,Medical,57,2023-11-19
a9552625-5b13-4c64-9b85-f85e25f2ca02,KCB M-Pesa,28571,8.38,45,High,Emergency,31,2024-06-12
ab3a5218-2827-4ff1-882d-48b24b8ffd22,Fuliza,24070,20.76,30,High,Emergency,52,2023-05-20
942c5a31-0c61-43d7-9a7f-9c8301ed3a4c,M-Shwari,18949,31.47,45,High,Medical,40,2023-10-28
dd1e774b-42f6-469e-a472-a264c046b0e5,Branch,34036,17.17,60,Low,Medical,38,2023-09-07
267c2ab7-317b-41c4-989d-b7f75b788178,M-Shwari,38758,28.27,14,Low,Education,43,2023-07-16
f6e86fc6-80d8-44a2-abce-ee9e038c3e46,Branch,48802,32.84,30,Low,Medical,19,2023-09-04
7c6c3af3-0069-48a4-9a28-0265a2487765,KCB M-Pesa,29365,37.45,60,Low,Personal,36,2023-04-20
f447f298-da45-42d4-994d-17e12562d129,Branch,7145,13.21,45,Low,Medical,50,2024-06-07
f4a1030d-a399-4a3e-a66a-9f5ec7ac2b0a,Fuliza,38500,18.98,90,High,Personal,33,2023-03-26
144e84ab-dd99-4e69-a294-0ff882e76180,KCB M-Pesa,27237,10.33,60,Low,Medical,13,2023-09-05
275d0484-60a8-478c-8cf0-5597d7f002e1,Fuliza,11985,39.74,90,Low,Education,14,2023-06-08
a8716a6a-4359-4107-a7fd-b7562faaa803,Tala,39065,37.45,60,Low,Personal,56,2024-12-08
786ac9cc-3391-400b-9f12-df90b5ea4e4f,Timiza,26022,23.9,30,Low,Business,33,2024-01-01
69801afe-d4db-45e0-9faf-7c5d9322b545,Branch,12842,34.47,30,High,Personal,29,2023-07-06
ff8261b9-c400-4832-95f5-dd7b997d6fe0,Timiza,41306,23.23,60,Low,Education,43,2024-07-15
1c8c4242-a390-4703-a764-919354a31ee5,Timiza,49270,26.83,45,Low,Personal,49,2024-07-18
5887243c-ae35-4b9b-b955-de461f97be5e,Branch,13587,8.12,14,High,Medical,36,2024-01-03
fc6ccd00-a523-4fde-b70b-8454c52402be,KCB M-Pesa,38141,31.43,30,Low,Medical,58,2024-08-15
de155897-1965-4c9d-bb26-cd226c37c678,Tala,34749,9.47,90,Low,Education,44,2024-05-08
0dafaedb-d6c6-43e9-bbbc-94020dd97f03,Fuliza,10593,33.91,45,Low,Emergency,10,2024-09-27
b0647346-8436-4fcd-9052-987a141c7693,M-Shwari,47690,32.37,45,Low,Medical,31,2024-10-28
232f8402-a5d5-42e1-9880-f89e3a2212f4,Fuliza,16938,29.81,45,High,Business,6,2023-11-17
b42d5df9-0c86-4f6b-89ae-54b9cf970c83,M-Shwari,40911,6.27,30,High,Education,57,2023-04-23
94e4b944-83ca-477c-9c8d-8993bea6bf9c,Fuliza,26899,15.61,30,Low,Personal,1,2024-09-28
b6e71a8d-bf24-490e-a09f-a4649824c5e9,Branch,20346,14.21,30,High,Personal,7,2024-06-02
013727e2-db97-4b03-987a-b3812215e6c6,Tala,16208,17.6,14,Low,Business,58,2023-07-21
78295df6-903e-4432-89ad-683c6a09ba58,M-Shwari,44539,8.07,60,Low,Medical,27,2023-04-25
e1d51b89-cb3b-4bcd-b318-2333581ce000,KCB M-Pesa,45868,37.79,45,Low,Education,21,2024-12-01
20108b26-e5fc-4df8-9af8-3deaf0f906c2,Fuliza,11498,24.38,60,Low,Business,28,2023-06-24
faf706a3-4d35-48bd-8515-56219f24b380,Fuliza,47563,15.69,60,Low,Medical,16,2024-05-03
c1891dec-76a2-4370-8190-3d364223358d,M-Shwari,31178,18.89,30,High,Education,56,2024-10-26
38ee607c-fbf0-45c4-a6c9-e079e700be38,KCB M-Pesa,11182,20.65,45,High,Personal,46,2024-04-26
c9dcd9d8-cdd1-43dc-a6fb-0fb78818a602,KCB M-Pesa,49648,26.02,45,Low,Education,23,2024-04-15
c9342c53-6229-4179-858f-e56c0c031fed,Branch,9019,23.05,60,Low,Emergency,52,2023-04-07
7f55ed5b-8ba4-4bf2-814f-bcd6e4aa8d54,Branch,31980,37.18,30,Low,Education,20,2023-09-08
f5746c2c-595b-417b-b26a-54aa2f3824e5,Branch,20194,22.39,45,Low,Emergency,38,2024-11-25
a7127761-dc2d-4a52-8fd9-33be43882a55,Branch,3800,39.73,45,Low,Education,54,2024-04-22
586d6afd-4fd4-4c41-9b36-33fa77f108d5,Branch,7222,34.8,30,Low,Emergency,25,2025-02-06
276aff5c-66a8-46fd-9dba-d67e78dcac39,Branch,40486,12.3,30,High,Personal,28,2023-07-29
730642aa-901a-4f9a-9598-344c98663440,Tala,24660,37.57,45,Low,Medical,5,2023-06-24
1e8e0dbf-45d2-4397-8315-ae3011635462,KCB M-Pesa,20559,9.07,60,Low,Emergency,56,2024-05-01
a86a4bc2-25b8-4816-b95d-6d642ef88bca,Branch,36322,33.61,30,Low,Emergency,21,2023-07-25
521491ad-1288-4bc4-bf99-b14db84c6825,KCB M-Pesa,14075,18.32,45,Low,Personal,18,2024-11-09
fc065817-e7a6-4e2a-8952-21a93b984d7f,KCB M-Pesa,8470,35.73,30,Low,Emergency,47,2024-12-04
a8f68896-42e5-4e42-8f9f-6e9d1acf6d80,Timiza,35411,35.38,60,High,Business,6,2024-05-24
ab367026-7a01-4e62-9c17-79c8dd16fd18,Tala,22091,33.21,30,Low,Personal,57,2023-07-16
6af2306b-ba06-4497-866f-5799b534c215,Branch,32321,32.65,60,High,Business,29,2023-12-03
3b0ecb7a-4ea3-48d4-a692-112a4baa7351,Fuliza,10003,15.66,30,Low,Personal,19,2024-04-18
81aa16e3-1abb-4d30-9784-0a8de2c27cc1,M-Shwari,48417,7.83,30,Low,Emergency,33,2024-02-02
265947e5-963a-44a1-ab40-259a5cd0c508,Fuliza,19422,19.1,14,Low,Business,1,2024-07-19
07efb853-286d-4c33-9e08-4965af526d28,Tala,12675,11.07,30,High,Emergency,45,2024-12-05
fdc8279c-06f3-4654-b1f2-8ef4ef868d2d,M-Shwari,41624,29.32,45,Low,Personal,3,2023-07-11
ee865638-1ad9-4ff1-ae71-cf5e2416084c,Tala,21889,17.11,30,High,Emergency,42,2024-04-05
d01b57df-55c7-40db-9c31-f161f4eef443,KCB M-Pesa,48338,39.15,60,Low,Business,21,2023-05-08
ba7a3763-8653-4b93-aeb8-80a4ce4e1cd9,M-Shwari,1322,27.43,14,High,Business,35,2025-01-07
d0fe7676-bf04-4fbc-b8dc-0efd57c45f64,KCB M-Pesa,17827,33.79,30,Low,Emergency,41,2025-01-25
68aa17f8-9109-4603-ac73-abb99412e6ff,Fuliza,47557,9.64,30,High,Education,40,2024-08-29
cf67a046-0c7d-440a-b342-2a41bf06a95f,Fuliza,6650,35.17,14,Low,Personal,3,2024-02-23
eca99b7f-bcf0-4ce5-90b0-54b1a1f2b4c6,M-Shwari,4925,37.3,30,High,Personal,25,2023-08-01
03cf7a8e-472f-4d5e-9025-001de6663680,M-Shwari,16532,22.05,45,Low,Emergency,45,2024-03-03
cb6dc74d-c62d-40f1-b607-0a2753b7b449,Branch,2698,26.22,45,Low,Education,38,2023-11-20
b2f96018-8083-4112-af44-8e7dc7275063,Tala,20579,31.77,45,Low,Business,45,2025-03-16
2b0eedcc-05b9-4602-a699-b3f0c0b876f1,Branch,36720,11.12,45,High,Medical,55,2023-12-05
d7cc137f-fb68-455a-9433-1f86508c1bc2,Tala,42374,22.59,45,Low,Medical,20,2024-11-17
228da7a0-b6c5-4ab9-b05a-36bb389428ba,Branch,14359,18.95,14,High,Emergency,52,2024-12-21
981386b2-44b5-4e1d-b395-37b3bba47c16,KCB M-Pesa,31919,10.12,45,Low,Education,44,2023-04-19
2ce43160-6470-4809-91b2-73698d008941,M-Shwari,9205,17.86,90,Low,Education,45,2024-11-09
63b28f72-3d35-43b0-bfc3-ee550c8eb1d0,Fuliza,43380,7.39,45,Low,Personal,34,2023-07-30
2100ef7f-4b69-4ff9-82db-35a6db909406,Tala,23736,5.9,45,High,Business,21,2023-12-18
7fe82d4a-09d3-4525-abc6-6b7cc65939ce,Tala,22919,9.73,30,High,Education,56,2024-01-26
4e1fefda-cbd4-4c82-beb6-388aa6b46bd0,Fuliza,20478,38.71,60,High,Medical,55,2025-02-02
aad9e13a-ea05-4fcc-816f-3012f75fc527,Branch,38109,24.23,60,Low,Business,48,2024-12-18
6c2606d0-fad5-411b-9522-7081e8659861,Tala,15858,38.8,45,High,Business,23,2023-11-10
b0241574-dac9-40d9-9006-4562371d6d72,KCB M-Pesa,34677,20.14,90,High,Emergency,6,2023-06-16
bc788215-b934-491a-9680-57639b47dbc2,M-Shwari,29878,15.91,30,Low,Education,51,2023-06-08
4f6f6183-5e46-49cc-b1f9-291352843bdf,Fuliza,37834,22.71,14,High,Emergency,53,2023-09-08
742b8950-ffd2-4044-bb86-e75f523c3684,M-Shwari,11882,20.38,60,High,Education,13,2025-01-12
6732e2c7-3746-48aa-b798-542d0f9d6d7f,Tala,15096,8.7,60,High,Personal,49,2024-05-15
2e8463cd-358a-48d7-bc8c-c2b8eb7224db,Tala,34072,27.43,30,High,Emergency,23,2023-12-04
dfb1be40-b643-4fb4-88cf-384570f2318a,Fuliza,13721,12.56,30,Low,Emergency,9,2025-03-14
b9b1bfda-6fff-4b48-a633-4a003f7abdde,KCB M-Pesa,1779,26.69,14,Low,Medical,17,2023-04-03
2b4eb397-465d-45ca-92ee-3d3ac5958811,Timiza,46460,27.76,30,High,Emergency,2,2023-07-07
33bf13ae-2e20-480c-b40d-13774234ed07,Fuliza,7583,10.32,60,Low,Education,19,2024-09-02
af984a16-b2be-4769-aea0-29dd285c06be,Timiza,44361,7.15,45,High,Medical,19,2024-09-05
0922baa5-b1b7-4b1d-899a-574b8f4d4e4d,Branch,18271,32.33,30,High,Emergency,56,2025-01-05
8ca67184-f305-4155-874f-cebf8b745fe8,Timiza,30475,21.09,30,High,Emergency,7,2024-08-06
db6ade91-b989-43c4-a7f0-862ee5717bd3,KCB M-Pesa,46148,7.04,14,High,Personal,54,2023-07-24
7159c278-2f61-4ea0-8b42-6d2ff518a759,Branch,48785,39.82,30,Low,Emergency,42,2023-10-27
ad071383-f684-4361-b7cf-b9efbfca2da1,Timiza,19563,7.02,45,Low,Business,42,2024-01-30
ccf4d167-113c-4aba-b5c5-ad230f1c4c96,Branch,2606,29.33,90,Low,Medical,59,2023-11-30
c713d8b5-85d6-4b8b-bd4d-f56c38f9719f,Timiza,25057,39.43,60,Low,Business,20,2024-08-07
aadd2e3d-2c92-4a0f-a814-9bfa0c42fc38,KCB M-Pesa,49354,13.37,14,Low,Medical,9,2023-07-08
4270c083-cae6-480a-9efc-375277c06cb5,Timiza,21107,9.98,60,Low,Personal,17,2024-07-23
17485da3-ad35-412c-a6a7-ca072bdb6ec7,Timiza,38099,9.25,60,High,Emergency,27,2023-12-25
58a8dcd1-11b1-4c61-91c3-eb142c88f97e,Timiza,29029,15.61,60,High,Emergency,47,2023-03-31
7d8cc66d-a764-47ee-b7f3-ea48e72c5b93,Fuliza,36454,8.54,45,Low,Emergency,2,2023-06-11
b4954bc5-64cb-40ff-92d9-1ac5c5006f60,Fuliza,28356,29.23,30,Low,Medical,36,2024-10-18
a455f471-5b12-4fc0-9012-46749a09c746,Fuliza,3073,7.18,30,High,Emergency,19,2023-11-23
2043e9ce-b807-40cf-98b4-06adb06a199d,KCB M-Pesa,13308,22.83,14,Low,Business,17,2024-03-30
d7972002-3818-4ea2-b8cd-5d296f1bf8d1,Branch,35867,39.88,30,Low,Emergency,5,2025-02-22
d7c5ce89-550d-400f-9c76-02f70462e06e,Tala,37301,33.49,30,Low,Personal,39,2024-09-30
822d4695-9c0a-483e-b580-b120d715136f,Timiza,41696,26.53,45,Low,Business,18,2024-10-28
d41246c9-c1cd-41a4-9259-aa74509f038c,Timiza,34572,15.72,60,Low,Emergency,53,2024-05-04
8c4c3462-a017-4150-8599-1ba6b595613c,KCB M-Pesa,24252,26.84,45,High,Emergency,54,2025-02-11
411ed0a2-40a0-4827-a5fd-4f8f41496fc3,Timiza,18185,23.45,14,Low,Education,59,2023-08-19
4b7872b8-826b-43ec-af96-70d75177e5a6,Fuliza,41901,19.91,90,Low,Medical,7,2024-05-11
1f5b87fe-48c4-4418-aacc-17c25deb9f13,Tala,11872,9.57,90,Low,Business,17,2023-09-04
f89abe9e-81a5-4787-ae28-745afb418c4c,M-Shwari,9496,36.03,60,Low,Education,39,2024-06-18
2261b4c7-697e-4240-8c01-2280dae9e183,Timiza,16958,20.74,90,High,Personal,36,2024-03-15
d1f2f37c-e1c1-41df-8810-393151fb9651,Fuliza,32389,11.81,45,High,Medical,40,2025-02-19
25e4c701-9ab7-4301-b718-a11b6c10e224,M-Shwari,27165,17.87,90,High,Business,45,2024-04-28
06c50c84-7d17-401d-aa0d-9213d4f1f997,Tala,38743,19.49,14,Low,Emergency,4,2024-07-01
e7c6c0bc-4724-42a8-bba8-c50103f91f3c,M-Shwari,32153,33.96,30,High,Business,38,2024-01-07
279e5b45-2137-4dd7-8f3e-45d380840c8d,Fuliza,27157,30.68,30,High,Emergency,25,2024-08-27
474d1716-ef04-438c-92fa-bad5b279d431,Branch,40452,31.93,30,High,Medical,5,2025-01-16
24a2dbf9-5686-4c6d-94b7-679c17caa89a,Branch,22680,5.39,30,Low,Emergency,30,2024-12-16
f889651e-05e4-4bd0-ade5-82de0e320194,M-Shwari,32396,19.57,45,Low,Personal,12,2024-04-15
11248464-9c7b-41b2-8e62-5cbbfe0d2142,KCB M-Pesa,13375,21.85,60,Low,Emergency,4,2024-05-21
b21e7458-5141-4045-a94d-82e15ee13f32,M-Shwari,2122,5.67,45,High,Personal,24,2024-06-04
b846061f-3739-4969-91e2-e2ad40878980,Timiza,49256,14.09,30,Low,Medical,29,2023-06-13
d979fa1a-d000-4cad-baac-f286eacb6811,Timiza,41309,31.61,60,Low,Medical,9,2023-05-06
ff881028-0090-46e7-b961-71cdfc24a554,Branch,17225,9.8,45,High,Business,4,2023-06-17
c66cc4f9-d86c-4be5-8ff0-79d825a29176,KCB M-Pesa,41260,23.74,30,High,Personal,51,2024-03-23
c955ba02-c7cf-4f09-8fdf-b0e54b5c19b8,Fuliza,16146,12.53,45,High,Personal,24,2023-10-04
fbf21fe0-e3cc-456f-8e64-fc9ad5851dcb,Timiza,17529,5.42,30,Low,Education,14,2024-02-09
d7e5dc00-2957-4256-95af-54429b3ce38c,Branch,29902,13.44,30,High,Education,5,2024-10-29
0604f6e9-d937-427b-bd1c-43b507aa7c59,Tala,4763,39.16,90,Low,Education,18,2025-02-14
58d7fa4c-2d86-453a-a559-e30644f289e8,Branch,31487,33.05,30,Low,Emergency,42,2023-03-25
19a5cc96-792e-47da-b094-deca178c4824,Timiza,47328,38.59,45,Low,Education,57,2024-12-18
678d5a7d-adfb-4b67-a25e-bcaf3fb44f9d,Timiza,48424,22.07,60,Low,Personal,19,2023-10-07
53179fb0-f5f9-4e0d-9a1f-e027c4e235f2,Branch,9146,8.84,60,Low,Emergency,12,2024-04-03
9d96fa5e-4fca-465e-a70f-ec22a2356d15,Fuliza,28029,24.18,14,High,Medical,18,2023-12-10
498bf4f0-ca03-4b94-80ec-88dc00371e8a,M-Shwari,12164,20.9,30,Low,Business,17,2024-03-06
effd43cf-3b59-4e6e-9b96-acb3df071e66,Timiza,36237,34.55,14,High,Education,30,2024-03-13
aa743f0d-b74b-4e88-a34e-7b35bfd04087,Branch,36296,8.43,45,Low,Medical,24,2025-01-04
42056381-ff33-4ae3-908c-163b96b1a768,Branch,24527,22.09,45,Low,Personal,11,2024-12-01
d7bf5a98-0043-494a-a571-4b15757dac00,KCB M-Pesa,29873,10.25,30,Low,Business,35,2025-01-19
5f43a487-3865-410e-b7e3-7bfc02be5812,M-Shwari,36897,16.36,90,Low,Medical,23,2023-12-06
fd160a91-0617-4bdc-b88b-c3b47047b10c,Tala,21109,30.81,45,Low,Business,17,2024-07-05
a52258ba-8346-4d4b-ab19-11542b5ad32e,Fuliza,36335,21.66,30,Low,Education,1,2023-08-09
cb7927bb-0c72-4246-81b3-4b4b49728343,Tala,39209,18.16,45,Low,Personal,15,2023-11-22
2e2106bc-d699-46a3-8213-e2c526254f19,M-Shwari,19750,18.81,45,Low,Business,32,2023-10-17
2a61f820-8bde-44b0-8d5a-3dbf87cc80a4,M-Shwari,21672,21.08,14,Low,Medical,9,2023-08-17
e5611711-8d28-48f3-869e-5f471989e1d4,M-Shwari,12055,32.48,30,High,Education,15,2023-03-22
c31b0419-1646-456b-9bdc-f6aa429396f9,Tala,22374,36.22,60,Low,Education,28,2024-12-19
32a8c7e1-e987-4afc-a09e-d5697a23cd73,M-Shwari,13581,38.44,45,High,Medical,24,2024-03-05
a3ca40f7-9239-447d-b3af-b85e4aa81906,Branch,24563,32.54,45,High,Medical,35,2023-06-25
63c7d8d9-7a7e-4be3-b6f2-aba5f27149a5,Tala,7319,16.04,45,High,Business,22,2023-03-26
857742ea-d31b-45a5-b875-b545607412b9,M-Shwari,26212,29.08,14,High,Emergency,27,2023-12-19
82f46533-2243-4e26-82ce-008c04f482bc,Branch,25262,20.32,30,Low,Education,19,2023-12-22
cf7aca7f-f6e0-4cfb-aa1c-00a73a79fe92,KCB M-Pesa,11546,13.91,45,High,Business,45,2023-06-23
1eaec825-495e-4379-b467-7ce3dac8a733,M-Shwari,31963,34.43,30,High,Medical,12,2024-06-11
3e243e90-33c8-45d4-957a-21bea3006055,Tala,29269,6.34,14,Low,Business,20,2024-05-08
51d040da-fa66-45af-a13b-e4f79e5e2764,Timiza,23650,36.56,60,Low,Medical,1,2024-02-29
8138b4a5-464e-4c35-b34a-fda9f8a44761,M-Shwari,3211,21.15,90,Low,Personal,21,2024-03-31
ae8021c1-65d9-461f-ab9d-7ffa3e7f474b,Timiza,5353,27.3,60,High,Medical,49,2024-01-19
79a08df7-1b33-4913-9c13-82f02ac7667d,Branch,29577,28.08,60,High,Medical,45,2024-11-01
f52b7e72-41b7-42fe-8b35-6c3421c151cf,KCB M-Pesa,24363,36.33,30,Low,Medical,1,2023-04-08
79217499-cbf2-42b6-a9e4-61ab85185d08,Fuliza,22292,27.28,90,Low,Emergency,10,2024-09-06
3a706096-e80c-48c8-a35e-32d13cc6886f,KCB M-Pesa,40983,26.49,30,Low,Medical,47,2024-05-10
6033a4c6-9ded-4cd7-aec3-65e1665c52f6,M-Shwari,9442,7.33,90,Low,Education,59,2024-09-30
bd24ac89-8de0-42ea-8af1-b5f9b8b303aa,Timiza,48775,23.14,90,High,Education,59,2023-06-25
3e6b02c2-d176-4ecf-b4bf-dacfdde35ffd,Timiza,49094,10.26,60,Low,Business,32,2023-06-15
bc2a5def-10e2-4394-a4cf-6c782d1efa6f,Tala,2262,30.81,90,Low,Emergency,39,2024-06-18
bb163520-8fd1-451e-adf2-b4b7b98c0bd1,Timiza,32487,22.93,45,Low,Business,22,2023-05-22
8716dd24-8ada-4235-a7e1-eca0efc181d7,Tala,16350,28.81,30,High,Education,18,2023-11-17
4a45e205-449d-4107-a2ee-77478387d508,Branch,12612,6.46,45,Low,Education,48,2023-12-07
a089b853-0716-474f-b1b8-5823abec7132,Fuliza,24558,7.97,45,High,Personal,46,2024-07-20
fde1293c-c035-4353-963b-382860a434da,M-Shwari,45920,30.07,14,Low,Medical,32,2024-01-29
7b4ddb60-bee4-4672-bd84-49eb10983f96,Tala,39390,7.52,45,Low,Education,27,2024-12-26
1e1cfec7-c4d1-48fa-86d6-217f6dbf88f0,Fuliza,981,7.49,90,Low,Business,28,2024-06-28
9d50cf68-0a9c-4bdb-b530-e67bd222d646,Timiza,47804,5.42,30,Low,Business,18,2024-11-20
9bcd60d0-fae3-456e-84d1-1573cd71ad24,Timiza,33421,38.48,60,Low,Medical,59,2024-01-29
32b98195-ccd3-45c5-b33f-55e4e5b71981,Fuliza,40885,30.81,90,High,Medical,39,2024-04-26
a395565c-beef-49d6-a265-cf1efd21795e,Timiza,2024,17.36,90,High,Personal,49,2025-02-01
5b3b06ec-8a57-4092-8001-6e70fb073f0c,Branch,35388,15.38,90,High,Emergency,29,2023-10-04
43c28424-37a4-4ac1-a798-02212b2883a8,Branch,15548,17.24,45,Low,Business,18,2024-10-07
05bb8849-adfb-4457-807a-f53078a3a0da,Fuliza,35611,32.11,90,High,Medical,44,2023-06-25
47db39fb-1a6d-48e1-ab9e-87c88ccd8606,Tala,38404,28.15,60,Low,Business,8,2023-11-25
9ed1f062-69b6-4938-b678-322771a8b516,Tala,34508,11.48,30,Low,Medical,54,2024-03-31
d0eddb70-5734-4e49-811c-6c1e1d6a42a9,Fuliza,560,11.09,45,Low,Education,31,2023-06-03
c1f3c49b-4580-4a6b-a4ec-fbd4f5032005,Tala,9630,8.44,60,Low,Business,34,2024-12-11
8852d02d-ba43-4ede-895a-5242893ee38d,Tala,18523,28.11,30,High,Education,7,2023-06-19
022eed68-d6db-4e20-9178-8c292920c949,Branch,45580,31.75,45,Low,Business,36,2024-12-26
a8b1c8c6-2ebf-4ec7-b496-4db45b2aa430,Tala,13850,14.28,45,Low,Emergency,18,2024-11-19
8ca345d3-b919-4d36-b392-6c8de10f201e,KCB M-Pesa,24854,5.73,30,High,Personal,38,2023-05-10
30e9e245-3d32-4b95-9c0c-f476714f370b,M-Shwari,45686,7.88,45,Low,Education,59,2024-06-17
e0103e9e-733c-4410-be07-3d6e7b216c4d,Timiza,28645,38.88,60,Low,Medical,9,2025-03-13
200a54fa-402b-4126-a41a-acfe23ea7e5f,KCB M-Pesa,34520,15.34,45,Low,Emergency,59,2023-07-22
6cb77535-d6c9-4ce6-bac6-cad52e5d85fe,Tala,21087,31.92,14,High,Business,9,2024-09-01
84163123-8a1e-4270-85e5-718c57b250b8,Branch,41631,26.86,14,High,Education,46,2024-02-23
50855337-fbc2-4f98-ba6f-9717d5e54e87,Fuliza,10150,18.37,30,Low,Business,8,2023-06-10
7f9d4c6c-aea0-4bf3-b21b-f3453cf75048,Tala,20433,12.2,90,Low,Business,51,2024-06-21
582ec378-177d-4812-a511-af8d1fa8dfb1,Branch,21081,9.25,30,Low,Business,35,2024-04-19
e0e8a84b-543f-4c9b-aa6e-f7e7a98a78ee,M-Shwari,23893,26.53,45,High,Personal,18,2023-04-04
5aa8be86-5d5f-4576-acbd-89b8110f99c0,Tala,23551,32.11,30,Low,Personal,5,2025-03-04
febc26c3-9575-41e8-8fe8-3a98440315e1,Fuliza,26712,27.54,30,Low,Medical,14,2023-10-02
c7c98cb0-2ae8-4b33-b982-f38632519aea,Branch,49582,23.56,60,Low,Education,28,2023-05-17
3b34ca16-210b-4fe2-9e19-77f91302cc5d,Branch,4590,6.47,60,Low,Emergency,30,2024-11-07
80bfcb89-afbf-4f5c-89c5-5717b0c9932c,Branch,7460,38.9,14,Low,Emergency,4,2025-01-10
37bfdbdc-854d-43c6-b32c-d4cf66186012,M-Shwari,36272,32.95,45,High,Emergency,39,2024-10-30
29182f58-61ed-4c58-8da9-66282cf3900e,Tala,22020,15.25,14,Low,Business,20,2023-09-30
04897693-8036-4bed-88d4-576ad0eea7bd,M-Shwari,49981,39.3,45,Low,Personal,25,2023-07-16
4f9478a4-18d9-40af-ad50-1e507215b5f7,Timiza,36908,26.07,45,High,Education,28,2024-11-15
37beb61c-7aba-4582-9dcc-ca4006ac244d,Timiza,28970,25.38,30,High,Business,12,2023-05-11
0af09f43-6382-45e7-9350-b9a9b39fe89a,Tala,20991,31.18,30,Low,Personal,2,2024-03-14
a1b4674e-1406-4112-9ce2-bfd31826e5cc,M-Shwari,1841,33.41,30,Low,Personal,43,2024-11-13
dec4039d-c17a-4941-8c11-e1b33f7544b9,Fuliza,45123,27.98,90,Low,Education,14,2023-09-27
36c17d99-7cc4-477a-93e6-5dfd371fbedc,Branch,25291,9.48,90,High,Education,22,2023-08-23
0ebb4478-b39d-4852-adcb-900156d41e6a,Branch,838,16.84,14,Low,Education,31,2024-03-13
8171791e-a04a-4d02-960b-5f3eea923651,Tala,6395,37.48,60,High,Business,23,2024-02-07
d9a24381-63c7-4d7e-bb5e-bb466d5ccac9,Timiza,12754,12.86,30,High,Medical,48,2023-05-19
9906f90b-a72b-41c2-85ea-8a3acdba4a28,Timiza,11844,18.03,30,Low,Education,20,2023-11-06
cd71dd77-0449-4bcb-a810-73113d8958d7,Branch,2250,20.12,60,Low,Medical,38,2024-04-18
bb2ae401-f9dd-4d6c-887c-58692c5860e1,Tala,2921,20.38,90,Low,Business,55,2023-05-07
701bb743-47d6-4e13-8e5d-959ee6fbe566,M-Shwari,40387,26.45,90,Low,Medical,4,2024-02-25
d5b07311-e48b-4863-b76e-eb2d933b29d2,Timiza,5819,38.01,45,Low,Emergency,15,2024-09-09
d19a2f4f-12bb-42fe-a350-2761f17071db,M-Shwari,16396,13.42,30,High,Medical,24,2024-03-08
b318ceba-6cdd-4ff9-b00d-af278a458036,Timiza,12418,9.25,60,High,Education,25,2023-08-03
2b39ed69-dbbc-49f1-a157-e24e6c545130,Timiza,25564,11.91,30,Low,Business,1,2025-01-11
aa2b3b87-831e-4563-932f-7daad8416f4d,KCB M-Pesa,47117,36.04,45,High,Education,7,2024-11-06
e473f67b-1555-4622-b332-54f704e09b91,Timiza,28435,27.6,30,Low,Emergency,57,2023-08-17
5404a551-3eed-4f7f-8cff-fe76af2e6118,Fuliza,38141,15.01,45,Low,Education,31,2024-10-31
eae3ddc9-f0d6-47a7-a7a7-afbe9f011ce7,Tala,30211,33.56,30,Low,Education,12,2025-02-08
df868b3e-77fb-4699-a767-bc4b9ec6503d,Tala,5306,35.15,30,High,Education,42,2024-11-20
e558cbd1-4e29-4096-b660-992e4dfe9a16,M-Shwari,41860,34.63,90,High,Personal,5,2025-03-14
b801a8ae-0be5-4c24-a5fe-bf06b191cdf4,Timiza,12682,37.16,30,High,Emergency,44,2023-11-23
48a3e893-c3ec-4834-af7d-14be12f1bc12,Fuliza,22797,13.83,45,Low,Education,50,2024-12-14
d9c21512-687a-4dc7-ba0a-8ce0d4118497,M-Shwari,20041,31.43,30,Low,Education,42,2024-07-24
fe6d5077-60c8-4fef-8ad7-32962f859a9e,KCB M-Pesa,29421,21.12,14,Low,Education,38,2023-08-21
cbb3eb8c-6c60-452f-93b3-d93fb6074d0b,M-Shwari,17274,34.47,14,Low,Business,12,2023-05-07
a2decdf6-7c21-49d4-bce4-1e73a9883e13,M-Shwari,45313,30.5,30,High,Personal,39,2023-05-08
61c0025e-2aca-443d-b887-5ab7d20d4bac,Timiza,37698,32.18,60,High,Business,18,2024-02-22
e05e7d6f-4eb9-4a3f-86eb-80ef6ab1a807,KCB M-Pesa,9320,27.97,30,High,Personal,2,2025-01-27
a3d423d2-bb75-4f85-918b-b4d1c9f51017,M-Shwari,24570,11.21,90,Low,Education,10,2024-03-20
8c22063d-5a18-435d-b94a-1d73f7360059,Fuliza,4732,24.08,45,Low,Emergency,15,2023-04-12
271818c6-8acb-4576-bd23-2ccfbe5f35a1,Fuliza,11622,39.46,45,Low,Medical,30,2024-07-14
bb5b2dd6-71e9-4e93-b23f-786546c9396b,Tala,15523,37.81,45,Low,Medical,44,2023-10-15
1832c9da-30be-4728-961e-330704728480,KCB M-Pesa,8507,6.51,45,Low,Education,58,2023-03-26
297ecf58-c725-4a41-99ef-925664809007,KCB M-Pesa,18405,10.77,60,High,Business,17,2023-11-30
4e0827eb-aca3-46b4-afa4-bfc794ab1bc2,Tala,42286,9.61,30,High,Emergency,4,2025-02-15
f8595385-aa53-4868-ab0a-3460f882f807,M-Shwari,29898,30.41,30,Low,Personal,7,2023-10-06
8dbc60f8-5963-410f-86b6-b58edfa3b9a1,KCB M-Pesa,34768,33.62,60,Low,Education,41,2024-01-23
7c105868-4e36-4b65-a711-9ee82152811e,Fuliza,7237,12.47,90,Low,Emergency,31,2024-07-17
1c622255-2469-4361-9864-29a681da18de,Fuliza,36562,22.7,60,Low,Emergency,51,2024-11-23
cd1b4abf-be93-43b8-b01d-2258df0383d8,Timiza,26010,34.42,45,High,Personal,59,2024-02-29
7d296d8a-7e98-4946-b552-e1b69b98d714,KCB M-Pesa,19926,30.65,60,Low,Emergency,55,2024-11-12
cc0c011f-9700-4723-9900-1bab27a25c22,M-Shwari,37765,23.98,45,Low,Business,39,2025-02-02
a796e8c8-30d8-46ef-8e6f-1b6aa7a76c1a,Tala,18350,25.66,45,Low,Business,55,2024-04-21
ded983c3-03a0-4652-b220-11a35316ae18,Tala,1114,22.79,30,High,Business,34,2023-09-19
4a006520-c4bb-48a9-81a6-90e2c24328eb,M-Shwari,22276,15.41,45,Low,Emergency,6,2024-08-09
5c0278da-91ca-4c4d-a765-47df811a73e0,Branch,24577,24.78,30,Low,Business,50,2024-07-30
9599752c-395d-4842-8391-ff63e018d421,Timiza,9874,29.11,30,Low,Personal,38,2023-09-28
3c1a1732-c0a5-4ef7-b3d0-688a3d7d3305,Tala,35935,35.57,60,High,Emergency,45,2023-09-24
62f59122-e425-4124-a338-8fa0fc772ff2,KCB M-Pesa,31407,27.27,30,High,Medical,58,2023-11-06
2c9a4c4a-2d1e-4caf-81b9-c3d55ab47e96,Timiza,13909,31.64,14,Low,Emergency,51,2024-12-12
ed7d2c57-086b-4800-b328-5bdf21063752,KCB M-Pesa,17014,10.6,14,High,Personal,34,2024-07-26
765445b2-eef4-4b01-8540-3412b25957fb,Fuliza,30366,21.15,90,High,Medical,44,2023-05-08
152a04a0-20a8-4592-88e9-ee7bd54072aa,Timiza,3483,5.33,45,High,Emergency,15,2024-11-30
ad87799b-bfbb-4fa7-a8ba-28249f2afff5,Tala,32205,13.63,45,High,Business,14,2023-11-19
665c4d05-228a-4ad1-bef2-04e20e8ab1de,Timiza,21162,30.43,60,High,Education,6,2024-02-20
bb47c391-acc4-4c38-bbfd-9ca10a4e4bf0,Timiza,24010,39.71,60,Low,Education,50,2024-10-16
2c9b14ad-ee6a-4b38-97d8-7ba562bf3a63,Timiza,13151,8.47,30,High,Business,37,2023-11-01
732dd073-b0f2-4a0a-901a-6f2b46d8fab5,Branch,41498,19.05,45,Low,Education,50,2024-01-19
4e1b484a-a514-43cf-9685-f838e2bee791,Timiza,29035,33.0,60,High,Education,32,2023-11-29
a371c2da-c01f-46e7-a447-844d12f90560,KCB M-Pesa,7140,12.14,45,Low,Business,3,2023-07-21
16b8e7ce-917f-48b5-a0f8-da1454df0823,Fuliza,45047,24.43,30,High,Business,3,2024-01-11
ff4dc465-8893-45f5-9dc8-3c8777138730,M-Shwari,15817,30.66,60,High,Emergency,22,2024-10-08
d2c372a0-b77d-4099-95fa-7c48de47427c,Timiza,8064,26.56,45,Low,Emergency,22,2024-03-26
3aeeac99-33be-473d-a1eb-2b769ee0baf6,Tala,27845,11.58,30,High,Business,10,2024-08-07
93174186-9f69-4e9a-acc0-dc8f6f08c86b,Timiza,48788,17.44,45,Low,Personal,51,2023-10-31
e266e14d-21ef-4f98-a90d-54be6593c60a,Tala,29187,32.43,14,High,Education,3,2025-01-17
0e8044d5-46df-4f25-9c16-0df7bae425a3,KCB M-Pesa,14237,24.4,30,Low,Emergency,12,2024-12-30
ece51732-e18c-4201-ad27-085e23026c2e,Tala,9823,5.18,60,Low,Education,29,2024-05-22
e41bca78-fdf5-48b2-be36-3697e93f206a,M-Shwari,15729,31.63,14,High,Medical,48,2024-11-14
b55e13aa-f6f0-4a47-a928-ed1798f6167a,Fuliza,44981,6.24,45,Low,Business,17,2024-05-31
6b6c3be8-4cb6-43a8-9f20-908945229405,Tala,9002,31.1,45,High,Personal,7,2024-07-23
a8412c7f-e795-4f8d-8d2e-fd4e90a88fc1,Tala,1045,12.09,14,Low,Medical,13,2024-04-08
0944e1bc-1aa2-4eb7-b29b-99e797d161dd,Fuliza,37614,38.53,90,Low,Medical,56,2023-05-04
eeb1bc5e-1046-40e3-a06b-766ae8638711,M-Shwari,29930,17.88,30,Low,Medical,2,2023-05-26
56afa50f-d608-4234-9a98-9bb378685245,Timiza,10496,16.44,30,Low,Business,4,2024-11-14
594a386b-416a-4439-853d-7ba0e1afa864,Tala,28288,10.21,30,Low,Emergency,10,2024-02-14
20e0458b-9262-45ab-b767-b15e0080a66f,Fuliza,30469,15.7,30,Low,Business,39,2024-03-18
4dd309b0-6b5b-434d-96d0-6884d0644b48,KCB M-Pesa,49043,35.68,14,Low,Emergency,24,2024-05-20
52d7991e-77b1-4aa1-bd6a-52543766520f,Fuliza,14419,39.87,60,Low,Medical,17,2025-03-13
0404a29b-74f6-4f59-b323-8f5d6b1e03f0,KCB M-Pesa,4310,17.89,90,High,Medical,52,2024-11-19
7fa66ce6-3f59-48c0-be78-ed3adecf2189,M-Shwari,31086,20.7,30,High,Personal,6,2024-02-22
c1ef7fc0-b29e-479a-aa3c-1f6e8fa45c8a,Timiza,40474,30.27,45,Low,Emergency,19,2024-05-11
f9fa490b-3040-4bd1-8810-401b96d9614f,Fuliza,42273,36.02,60,High,Medical,5,2024-04-08
ee80173b-9e28-4dbc-a44a-6bc1a33cd1bb,Branch,16871,25.76,60,Low,Education,32,2023-07-17
20230f49-9450-4ea4-825f-89620aadeb8d,Tala,45584,18.7,45,High,Personal,10,2024-02-14
3bfd9e04-3dc6-4dd6-8fba-74a87dc1bacf,M-Shwari,30129,19.44,30,High,Business,9,2023-05-15
c420df69-d132-4b02-a8f7-6fcb4cf29979,Fuliza,8936,29.35,30,High,Personal,27,2023-04-03
3bc240ae-b844-437a-9011-dcc2d6d46979,Tala,13484,5.11,60,Low,Education,13,2024-07-20
d3ce74da-8ef2-4a1f-a944-29d46dbdd4ce,Fuliza,33539,26.69,60,High,Emergency,19,2024-03-29
31cca81b-12d8-4a50-a654-ed9674ece2f2,KCB M-Pesa,20395,17.44,30,Low,Business,21,2024-06-07
3a0a626b-b6db-4b43-9c77-adf12ef553c3,Fuliza,18655,32.8,30,High,Business,24,2024-02-05
ce11d0c8-4288-4a18-8151-30432a9a92a1,Branch,11116,8.25,90,Low,Emergency,38,2024-05-11
43bdd5b4-766d-4554-a67d-e180c90d23d5,Fuliza,37629,25.59,60,High,Personal,4,2025-01-28
b5398723-d589-44d8-815e-63d50b5b8185,Fuliza,40337,21.83,90,High,Medical,24,2023-09-05
931fa952-4e70-4b5f-8de9-276fcad2d0f6,Branch,25074,27.48,60,High,Personal,59,2024-10-15
8a6cfa55-ff54-4ffd-8a27-7dfc4747d400,M-Shwari,3930,7.27,30,Low,Education,35,2024-05-15
cdac1445-a9e2-438a-b5fb-4ddb9a47f7d4,Fuliza,13176,25.3,45,High,Medical,3,2024-06-06
2b34a61c-f0e5-43a4-89bd-5678d797b64b,Branch,11316,24.65,45,Low,Personal,4,2024-08-21
7e428eaa-4ddd-4839-aac2-8d6bb8149a42,Tala,33233,24.62,14,High,Emergency,57,2024-02-06
f984a8f3-168d-47c9-bd34-cb4f1dd5025b,KCB M-Pesa,20644,26.12,45,Low,Education,37,2024-05-27
f1b0f9de-86fe-415a-9e90-f97ff7b3c09e,KCB M-Pesa,2550,28.68,60,Low,Education,40,2023-05-15
2d3aacab-2694-4842-b652-d84d69717eaa,Fuliza,44960,33.17,30,Low,Education,48,2023-12-13
1e442246-159b-4339-ab75-37f143686cac,M-Shwari,34433,14.44,60,Low,Medical,54,2024-09-02
c8aab79d-a810-4999-b0a9-9224890dea91,M-Shwari,25451,33.88,45,Low,Business,35,2024-10-18
c1706490-a3c6-4270-a9f6-3eb98b9172e7,Tala,32913,22.44,90,Low,Medical,31,2023-09-30
e4e3032c-beaf-4b44-9e64-6d09b26c9172,Fuliza,35301,7.7,14,Low,Personal,56,2024-06-20
8791ffe8-e10f-4320-a4d7-69bb0db2ba64,KCB M-Pesa,33413,7.05,30,High,Business,44,2024-05-23
1e198605-2474-4389-a16c-8fc8231b09a6,M-Shwari,47537,16.7,45,High,Personal,25,2023-10-05
cf51b748-b76d-419d-bc6a-da4a374394b2,Fuliza,41100,32.47,30,Low,Business,40,2023-08-08
be917f22-0440-477f-9cde-732ac585c1a3,M-Shwari,25780,29.77,60,Low,Medical,13,2023-11-05
eb287ff5-8b4c-4ecc-a8c9-4be4a0c2641b,Branch,25057,32.6,60,Low,Education,4,2024-05-25
3d04f320-bb41-4eeb-8a0e-74b96fbb9252,M-Shwari,47554,23.1,30,Low,Emergency,46,2023-07-23
ca8820fa-5cf4-48d1-b81e-8d8edeb5fb4a,KCB M-Pesa,35900,20.41,45,High,Education,14,2024-08-18
1bf546ee-703f-43b6-89a2-f81c8977b66b,Timiza,4994,10.16,45,High,Medical,13,2024-03-09
36b2f308-289a-4765-b262-695bac217f00,Tala,15652,16.49,30,Low,Business,27,2024-08-04
b3aa8f80-3395-4450-9a26-91cbd0d6aa49,Tala,24395,20.19,90,Low,Education,6,2025-01-02
fc135fb4-9b56-4199-bb61-50283600376b,KCB M-Pesa,9655,8.1,60,Low,Medical,17,2024-06-29
2db84e6a-f057-4f44-b4bb-b748f5ba296b,M-Shwari,32383,12.72,45,High,Personal,36,2025-03-03
ab352ef8-6123-4c95-84c4-bacf2d26d7ef,Fuliza,43694,25.94,60,High,Emergency,40,2024-07-02
def226fd-22ae-45eb-8565-f83a71c7a3cb,M-Shwari,43501,30.75,45,Low,Education,49,2023-12-25
39474856-3f45-441a-932a-0f360c7808f7,KCB M-Pesa,2328,39.94,90,Low,Business,35,2024-10-05
d9053a13-5180-483d-8f9f-7650833fff2b,Tala,45528,37.66,45,High,Personal,17,2024-07-05
24197e23-eec8-49b7-87de-cb363134f953,M-Shwari,42398,27.49,60,High,Medical,41,2023-06-23
0fc7c194-75a2-4040-968d-f140324bc235,Tala,32623,19.74,60,Low,Emergency,2,2023-08-24
2815c186-088e-487d-ae4a-3b861dd37b29,Fuliza,38073,27.27,30,Low,Business,57,2023-06-09
9e97de9a-cf46-403e-b53f-2a4311b75306,Tala,1306,32.5,60,Low,Medical,13,2025-02-05
6ead7d1f-9822-479f-8702-cdaf5d104973,Tala,41470,9.14,30,Low,Medical,52,2024-11-28
edfb2f4f-484a-4e72-807e-6a07e47b6001,Timiza,30257,19.35,30,Low,Education,2,2023-07-05
f7bda531-afa0-4d88-affd-fe2a7112dd16,Timiza,35136,34.39,30,Low,Education,52,2024-08-20
26b51fd4-fe69-421c-a96b-8be6ef81d53d,Branch,15061,18.43,90,Low,Business,28,2023-04-13
e97a89e3-9b3a-4310-8bcf-a2c397e351e4,Timiza,48780,25.02,60,Low,Medical,43,2025-01-09
f067693e-5810-405a-8aaa-5859a82832e1,Tala,24762,25.57,60,High,Education,59,2024-12-01
9eaf556d-d6c7-4ed4-a325-3844b192bec8,KCB M-Pesa,15399,11.46,60,Low,Emergency,26,2024-02-03
56bada4b-3bba-4825-a46f-d52ab03b143b,Tala,49488,17.68,45,Low,Emergency,22,2023-05-19
0c76e5a5-e45c-4f6f-88bc-1100a12f6973,KCB M-Pesa,16434,16.71,90,Low,Medical,47,2023-11-23
a237f016-117a-4648-9729-273f6bb4a2de,KCB M-Pesa,38697,5.92,45,Low,Education,43,2025-02-02
ed6e9563-a080-440c-bbe3-62b0b69f4f81,Timiza,42344,5.85,30,High,Business,55,2024-08-01
7e7f87a7-224d-4918-b327-0739f5925f77,M-Shwari,36832,34.11,30,Low,Business,3,2023-12-22
665a7752-9d4c-4a94-af32-49679732d398,Fuliza,34657,14.56,60,Low,Business,35,2023-06-19
f270b242-2aa8-4b9a-a82b-2461e855c671,Timiza,12093,23.13,60,High,Emergency,58,2024-05-31
69a7e679-a94a-475a-88e2-e5b5c3121264,Timiza,40542,15.46,30,Low,Education,12,2024-08-02
37a2afe4-3b34-4f87-b8b6-8860e26ce1e1,M-Shwari,17820,37.92,14,High,Education,24,2023-06-25
9940f4f8-a443-40ee-9f75-54de4df20e52,Fuliza,27876,14.08,60,Low,Emergency,5,2024-10-12
7d279e8a-6b44-4780-bba7-3e012b778c0f,Tala,44013,20.04,14,Low,Business,20,2024-08-15
ab6fbe32-5782-4fc6-bad4-02142891f15c,Branch,14699,35.55,60,Low,Business,39,2024-03-07
4c4576e8-082e-4a7d-b9cd-0e80ee5fcc99,Branch,16376,34.47,90,Low,Medical,39,2024-11-17
12275f01-df06-4356-abf8-7e4bbce2970a,Tala,8745,11.51,45,High,Personal,13,2024-09-01
1f1b2b86-6c8c-49eb-a800-a138077d9440,Timiza,7714,33.09,30,High,Education,41,2024-02-15
ef0eb05a-ddd7-4294-9c22-332bed8f4bc2,Fuliza,1226,21.04,60,Low,Education,57,2024-08-21
5378ce47-2b21-43c0-b27e-4ac97551e331,Timiza,47100,21.9,60,Low,Education,53,2023-11-16
2f45688a-c19d-489a-a0b5-18d41c64e4d0,KCB M-Pesa,11862,9.67,45,High,Personal,45,2023-10-20
4ee1fe2a-aede-412d-b9e6-246bfd6de96f,Timiza,18797,7.82,90,High,Medical,12,2024-03-30
bdbca35a-201c-4751-95c5-38a92e003b9a,Timiza,30948,30.48,14,Low,Personal,13,2024-04-29
9b271b5d-5a6c-4455-8e25-f83ea7cde79d,Tala,26672,22.38,45,Low,Business,56,2025-01-05
41e9ae0a-bab2-460d-8194-9e2793aa9fed,Tala,43374,20.29,60,Low,Business,10,2023-07-27
705f399b-957d-475a-95c7-697c41ca691e,Tala,8157,30.53,60,High,Education,33,2023-06-22
c2123144-1f1c-4e04-a9c5-4b9bb78fbd54,Branch,19350,31.79,30,Low,Emergency,57,2024-12-08
e6953557-bc4c-4cfe-ae0b-376150cd3673,KCB M-Pesa,25925,10.56,60,Low,Education,40,2023-12-06
076d2d82-ff5a-4867-a72b-9981b73a8d95,Tala,27185,26.36,45,High,Emergency,54,2023-08-03
5b7c107e-8f6b-452f-8940-1315fef156a0,Fuliza,47819,9.74,30,Low,Personal,16,2023-09-10
4b724f90-a748-4044-b22e-ccd737032390,Branch,25078,31.3,30,Low,Business,45,2024-09-05
1ff5027e-cc11-457c-887b-0ed14f42f4d5,M-Shwari,29331,27.99,60,Low,Emergency,35,2024-10-22
77434242-2d05-4b39-8b37-df6f2f3b44fe,Fuliza,8406,38.48,30,Low,Personal,3,2025-01-03
824849c9-91d4-40e5-bf35-85826fd81ab2,Fuliza,7787,7.41,30,Low,Business,56,2023-12-07
24279f4e-f7c9-4c9d-b6de-2a6e65058e69,Tala,34160,7.0,30,Low,Emergency,5,2024-02-25
5600f385-94e7-4547-8eea-8cc64d7c354b,M-Shwari,10722,14.88,60,Low,Education,26,2023-05-31
ad010068-33d3-4745-bc32-64ca54ac2fcd,M-Shwari,37943,14.16,45,Low,Education,11,2023-12-06
db47b2b7-217f-48b4-92ad-5f9c144e2e5f,Branch,35201,13.64,60,High,Education,7,2023-12-09
900b31fe-33b5-4cb2-974e-160f9529c3e2,M-Shwari,18264,36.72,30,High,Personal,53,2023-07-29
b7cfb562-334d-4498-a0fa-a894f3cc93fe,KCB M-Pesa,45141,13.73,45,Low,Education,56,2024-12-01
ae5b3a8a-11e6-48e5-aaa6-cb8b3abf202b,Tala,18174,14.52,45,Low,Medical,10,2024-09-05
752867d6-11f7-41e3-9165-8d61973568d3,M-Shwari,18524,31.58,60,Low,Business,42,2024-01-03
50d3da8c-9884-4963-a7d2-40238364ec36,Branch,46507,20.74,90,Low,Personal,52,2023-12-04
c0707edf-69c6-4539-bb54-bd997bd84ba4,KCB M-Pesa,24374,32.18,14,Low,Education,34,2024-10-27
48fc2724-a92b-41a8-9ef6-f5d664dc2518,Timiza,44142,7.29,45,High,Business,3,2023-04-13
f99cc05c-bb5f-4728-ab32-6a9f91a9e84f,Timiza,32784,22.06,14,Low,Emergency,8,2025-03-07
b7cc0684-6b34-4412-ac7b-94704f269dd6,KCB M-Pesa,18102,6.18,45,Low,Education,31,2023-10-01
957366b1-6d5f-4984-99f0-18108c191a43,Branch,38284,7.19,30,Low,Business,11,2025-02-13
b21cb9af-bdbb-4f44-aa96-841d7c7a2b18,KCB M-Pesa,23765,36.73,30,High,Medical,45,2024-03-02
9b3fade4-1093-48be-851e-d0a535656f49,Tala,26431,9.87,30,Low,Emergency,7,2024-08-01
7b948189-a93b-49d2-b442-1faaea158906,Tala,29341,23.63,45,High,Medical,45,2023-06-17
c7fab0c2-deda-4ed5-9734-0cb474ef8043,Timiza,29692,19.39,30,Low,Business,2,2024-10-19
f108b3e0-7a34-4325-8cf8-26561e066a0f,M-Shwari,47042,17.16,60,High,Medical,6,2024-09-22
685e1ff4-ca89-4fe3-b4e7-396f56ca5437,Branch,43020,36.49,45,High,Business,41,2023-09-26
7236a615-70dd-411c-8b7b-b75b727f8a1e,Timiza,16085,5.76,14,Low,Business,32,2023-05-21
6469775c-a7ae-4ba6-bfe0-4fb523c0b4f5,M-Shwari,26059,28.23,60,Low,Medical,20,2023-10-13
34a9f91a-d539-4bb7-9995-e901ed1352fb,M-Shwari,40559,38.72,30,Low,Business,57,2023-04-20
4d8c2c46-38c0-4944-8841-fbb300a7ffa5,Tala,34242,24.61,45,Low,Education,34,2024-03-05
64a1a6d7-17b9-42a2-a29c-eabaea8abe58,Fuliza,4633,37.79,45,High,Business,50,2023-07-23
a8dcb576-2df9-4afb-9c7f-a9befd6bfc81,Fuliza,15163,6.83,30,High,Personal,16,2023-06-26
f518e3e4-8831-4ad4-814c-4d5673d4b353,KCB M-Pesa,22254,19.66,14,High,Business,25,2024-11-05
88df6d60-8d2c-47fa-a8f8-d0380acb164c,Tala,4472,14.11,30,High,Personal,12,2023-08-12
1ed471b6-4194-4cf5-992e-9a362b1d9faa,M-Shwari,5795,30.58,90,Low,Business,7,2023-11-28
815aa358-a87f-4e91-9829-b652a34ace0c,Branch,47181,39.35,45,Low,Business,39,2024-02-25
711f341f-c1d7-4bab-9890-9b1bb47244f3,Fuliza,42373,13.98,45,High,Medical,17,2024-08-24
bf420284-5afe-4d8e-a62d-720bdc6bef5e,M-Shwari,29625,27.9,45,Low,Education,45,2024-12-30
c1bc9de3-325b-4e61-ab73-b5d5f9df83a4,Fuliza,41496,11.93,30,High,Education,11,2024-07-11
58433153-85ac-4175-b28a-601b6c9f67d6,Fuliza,10403,24.79,45,Low,Emergency,6,2023-05-14
0b618291-2857-4486-ab7e-eab95d27193c,Fuliza,3520,21.24,60,Low,Medical,23,2024-06-22
ea17d9e3-6619-4c54-8858-c97c2e372edb,Branch,42255,39.02,30,High,Medical,27,2025-01-25
b06a4278-8e90-44fe-9a7d-238483bc5082,Tala,20920,26.3,30,Low,Education,46,2024-05-22
c3389813-a780-4e64-af3f-dd7f2d3d816d,Branch,21952,17.23,30,High,Medical,6,2024-03-02
351a3fd9-1bd1-4ba8-9fad-01d72dc960cb,Timiza,46148,8.99,45,High,Education,38,2025-02-11
8b30f3ad-f73a-4215-a803-fc78e7da8fb5,M-Shwari,38501,10.29,90,High,Medical,2,2023-12-09
5d9b7f1a-092e-4f04-978d-727d3ef586b2,Tala,10016,12.89,14,High,Business,22,2024-06-19
0d0c866f-04d2-401b-8b7f-2183dda28656,Tala,47827,13.78,45,Low,Education,20,2023-05-07
9dd4d503-2f59-4f82-abca-c277c978c78b,Tala,49969,34.77,30,High,Education,25,2023-11-10
2aa983e3-eab3-496d-aaca-9f11e6c28621,Tala,2896,24.64,90,Low,Personal,15,2024-08-11
b5725c99-0713-416a-9ca4-876fc02f2930,Branch,19046,23.32,30,Low,Medical,49,2025-01-09
65259319-9f04-4b40-8ece-79c8e4501d49,Tala,19629,9.02,45,High,Medical,29,2023-11-18
40d0220b-bb6d-4d86-b96a-ac24279b827e,KCB M-Pesa,2091,35.1,60,Low,Education,8,2023-07-28
5cbb1b6d-bcf0-47ec-8cd0-38517c90a880,M-Shwari,11803,30.3,60,Low,Business,37,2024-11-13
811e70f8-ec6f-44db-a290-d270cdf299d1,Tala,31061,7.37,45,Low,Business,49,2024-12-18
aaf2ffaa-bc82-44bc-b70f-67d2d143196c,M-Shwari,6683,29.77,30,Low,Business,52,2023-03-23
d73360f8-6d33-4b58-bfb4-19c5b6c87e94,KCB M-Pesa,27072,24.02,30,High,Medical,33,2024-07-19
6619bb10-5ba6-4e33-bc52-069c24a722cc,KCB M-Pesa,34580,7.86,30,Low,Personal,22,2024-05-04
931dfaed-c010-4f95-bab1-4be542db8d2f,M-Shwari,21195,21.04,30,High,Education,50,2024-09-11
ae47fa6b-f204-44df-85b5-bf53fbe5b61f,Fuliza,7814,21.96,45,High,Emergency,47,2024-09-21
9a28769d-0a97-4567-a1cc-a92849517780,Timiza,20123,10.8,30,High,Personal,5,2023-10-18
ff4c1f03-cd43-401a-8c2c-b21ab8d4fe58,Fuliza,2639,38.1,30,Low,Emergency,39,2023-06-14
51a0e03e-c094-4e56-a942-4a602097413c,Fuliza,47956,34.75,45,High,Personal,18,2023-12-15
a7404ec9-570c-4f27-be61-688ff7f07552,Branch,31790,28.42,90,Low,Business,38,2024-12-12
b85bca4e-57da-4840-8fc1-3d0edc179180,Fuliza,18588,21.18,45,High,Medical,54,2024-12-31
6642968e-f8b6-4689-abf8-01b7d5e367bc,Tala,40192,19.41,14,Low,Emergency,53,2024-06-14
ca8bfde9-dcb7-4774-934b-6b57fce7e14a,Branch,33630,27.78,14,High,Personal,37,2024-02-23
c67b783c-0b03-4502-8106-526a6260f0e3,Branch,32588,24.09,90,High,Medical,30,2024-08-22
bc3ed9f7-392d-4a83-82bf-b1e6d1c57272,KCB M-Pesa,26792,7.18,30,Low,Emergency,51,2023-10-07
dfd5f0bf-e52a-42a1-b634-c225349ab246,Fuliza,46749,22.94,14,Low,Education,31,2024-05-30
7378bbbc-3d0c-4820-9071-b84df407e390,KCB M-Pesa,21170,33.22,45,High,Personal,10,2025-02-23
f13cafbb-a548-4dda-9f73-ae677279e671,M-Shwari,4238,21.07,45,Low,Education,15,2023-09-12
aa6d2a3a-8a29-4852-9630-61d6192fbecd,Timiza,2969,6.82,45,High,Business,42,2025-03-09
2a0f7108-8058-4b18-974e-ccc0a18c9bf6,Branch,23034,32.52,30,Low,Education,59,2023-06-06
398d1edd-5c9a-4304-9082-9986544ab2c2,M-Shwari,49374,12.05,14,Low,Education,48,2025-01-08
15d2b313-6401-4b5c-b857-a8c7e80de7f5,M-Shwari,9517,14.05,90,High,Personal,44,2025-02-25
e92a6f17-5bda-4b0e-9331-39b08d9e4a0c,Tala,3308,10.76,30,High,Business,18,2025-02-13
74592dd2-34d5-4819-a8d6-5f642f8239d2,Timiza,49638,16.56,45,High,Education,23,2024-03-07
dd85c393-e0b2-4e09-93dd-132f462b883a,M-Shwari,48138,31.49,60,Low,Medical,33,2024-03-05
9a28d087-289d-4e56-85d3-a236b8745617,M-Shwari,13213,23.18,45,High,Emergency,16,2024-12-03
8530b831-1f8a-4024-8c7d-1c95feeec744,Timiza,40829,12.17,30,Low,Education,54,2023-04-21
95780c81-62b1-40ca-84d8-414cf8becba7,Timiza,3219,35.72,30,High,Business,38,2025-01-05
9f45fb06-ea40-49da-9308-65125347893d,M-Shwari,23390,35.79,45,High,Education,35,2024-03-22
e695248b-5d1b-4c2a-8d70-2bad5a77c13b,Timiza,12200,35.47,60,Low,Emergency,34,2024-03-03
a3cd8b63-955b-4460-8553-f0775276bbab,M-Shwari,37009,13.36,90,Low,Business,28,2024-03-24
28f48f68-6797-4f7a-86fe-8c7a38de04b0,M-Shwari,43034,20.79,30,Low,Personal,2,2024-01-21
21e6a327-64e3-4e49-967b-a6fb695d7e3f,Tala,37266,39.47,30,High,Business,30,2023-07-01
e14e4a37-12f0-443e-bf21-9b3e7cd6afe9,Fuliza,27205,32.02,90,Low,Personal,13,2023-07-04
a362eabd-8ff4-47c1-8cae-11dd8548aecc,M-Shwari,19287,5.95,60,High,Business,41,2025-03-06
23af2417-e721-47cc-b70b-1cc75db1c7a2,KCB M-Pesa,49345,7.28,60,Low,Emergency,16,2023-08-01
56443595-2ff2-478f-b359-f5c0a23eee0f,Branch,27088,21.24,30,High,Emergency,59,2024-12-07
384c5c25-8073-4a69-acb3-a6a86a61f7a4,Fuliza,26623,36.82,45,High,Business,5,2023-11-02
d2d23eba-02cd-457e-921d-b4a8e4c00622,Fuliza,33562,23.85,60,Low,Education,55,2024-05-27
3ae94f1c-93fd-4409-9ce2-19bbaf045404,Fuliza,10677,22.42,45,Low,Emergency,28,2024-06-13
da52f659-f1d5-4b36-934e-aad296f62266,Tala,22227,8.69,45,Low,Personal,53,2023-09-04
c973f007-3cb7-45c0-b91e-2e3e4a77d716,M-Shwari,30720,27.99,14,High,Personal,39,2024-03-30
9b1b36ed-aa19-4c91-9a01-2ab950b8b2f3,Tala,10382,33.77,45,High,Medical,45,2023-11-24
588f4405-5c68-4dd3-ab79-8df88694bb42,M-Shwari,1636,18.31,30,Low,Personal,20,2023-04-08
e761c64e-cc14-4b73-9278-bd37f1d159fa,Tala,35332,32.15,45,High,Medical,24,2025-02-03
89d68bec-5676-414d-b8a3-58418657cf6b,Tala,32466,38.76,90,Low,Business,27,2023-09-23
2109b312-d1e0-4ec7-8e37-f7af6d862247,Branch,7509,12.13,30,Low,Business,30,2024-08-12
8ec5c87a-e78a-4466-aae4-9b6bb50d30b1,KCB M-Pesa,13487,23.32,60,High,Business,58,2023-07-31
40c99f89-b4a1-472f-b263-86433f41e2ca,Tala,37811,15.05,30,Low,Education,45,2024-12-06
cb4e4a20-326d-4ced-80b0-7ed4b006af9e,Branch,32075,32.75,45,Low,Education,27,2024-04-16
f4751078-6260-46fb-8c9f-1f792bf5b066,Timiza,1507,25.22,90,Low,Medical,26,2025-01-29
c0811b80-6490-4b53-9ff3-4eabcea7016c,KCB M-Pesa,5945,27.21,30,Low,Personal,7,2024-05-11
5b3a125d-ce14-4d82-a746-2db342dc56f5,Tala,11206,32.93,14,Low,Personal,42,2023-12-20
486cedda-12c4-49fe-906a-66439c4ea81b,Fuliza,48017,18.86,45,Low,Business,47,2023-12-21
a2d90af0-5963-461e-bf4a-4dd50ccf8423,Timiza,44986,37.03,14,High,Emergency,53,2023-03-20
230e959d-8a78-46d1-bdb9-d8ee02b1bd4f,Timiza,29757,23.66,60,Low,Education,59,2024-01-20
e4338173-f2fb-4dd1-8d2e-a824c85710f4,Branch,22236,10.53,90,Low,Education,38,2024-09-26
14438228-0ba8-469c-9341-2dc54b614d7f,Timiza,42707,29.36,45,Low,Business,5,2025-01-06
450c105b-fc20-4c4c-9705-b83c0a59d7ef,KCB M-Pesa,13781,32.76,30,Low,Education,23,2023-09-22
5152ef4d-af06-47c0-8279-ccd959472b58,Tala,1935,16.09,45,High,Business,28,2023-04-08
42087310-2a2b-410d-9e1b-60b38c536cad,Tala,33839,35.0,60,High,Medical,34,2024-06-20
6dbdd45a-b7d0-405c-9797-ef9cd59061d7,Fuliza,35650,36.72,14,Low,Personal,53,2024-05-29
e0fb3bfe-805f-4bfe-9318-d3b69a174d8d,Branch,26321,14.69,45,High,Emergency,15,2023-04-10
96c2a869-cbc9-4a05-81d5-fc5ef983de03,Fuliza,27160,39.42,45,Low,Personal,32,2023-07-22
0b83dd0b-622e-4a98-ad9b-2509bf06f62e,Timiza,5584,9.92,45,Low,Personal,26,2023-09-23
931f5366-4dfb-40c8-a043-7d0d2170a777,Fuliza,17161,12.07,30,Low,Medical,48,2024-04-01
d4e97d2c-75d2-4df6-a069-5abc63141af2,KCB M-Pesa,14007,11.45,60,Low,Education,31,2024-06-30
a11a24a5-7411-412e-ad26-ad22cbd7deba,Tala,7559,36.29,14,Low,Emergency,19,2023-05-20
766bc5d5-a885-4577-9bb1-bbaed4c7c63b,Timiza,18771,27.9,30,High,Education,9,2024-05-26
5fa7fd49-7e27-419d-b17a-a979275584d6,Fuliza,46039,10.32,60,Low,Personal,29,2024-05-28
3ba054ed-8097-4294-a1ef-7ab2906409c5,Branch,7991,20.41,60,High,Business,54,2023-10-29
b6e7a6f0-9a5f-4637-80aa-aad2c71eb182,KCB M-Pesa,47795,26.54,14,Low,Personal,58,2023-05-04
fb47d727-fb54-4070-a0ea-b8e16448ac59,KCB M-Pesa,15359,7.92,30,Low,Education,51,2025-03-11
ca8aa20a-94a9-407d-85c4-9c18c9590bd9,Fuliza,8573,35.88,30,High,Personal,39,2024-06-08
adce5209-1293-4687-b98f-60cd19af9e81,Tala,9577,33.13,30,Low,Business,4,2024-07-31
564b1318-779f-4e15-a94c-0624a80cbaa9,Fuliza,21453,22.68,30,Low,Medical,3,2024-10-24
45c007fa-5a26-40a8-b127-f6fcbef557a8,Timiza,11883,38.85,14,High,Education,56,2023-10-06
4a0623eb-81d4-4b30-908f-fba45684b716,Fuliza,49646,19.62,45,High,Personal,29,2025-03-07
3232153e-0f65-4ae2-b2b4-948468cf19ff,KCB M-Pesa,2853,39.44,60,High,Education,52,2024-11-13
a914a0e4-4378-4847-b53d-21754a80b3e6,Fuliza,24321,28.38,45,High,Medical,11,2023-05-25
18b95f1e-5d40-4c88-9221-d3fbd7bdde9a,Tala,38067,27.21,45,High,Personal,33,2023-04-16
a7583ff6-f314-482b-ad43-783958f8e01e,Branch,25360,10.81,14,High,Personal,38,2023-10-03
ceff2c72-0439-4428-9a40-0dc259ba8cb9,M-Shwari,21695,35.87,90,Low,Education,58,2024-04-03
7d1006d5-ccc0-4deb-aad2-b9ea9cb2b753,Fuliza,12439,19.96,60,Low,Education,11,2023-03-31
8f078e10-4782-477e-8c9e-1dc583afb75e,Tala,25838,10.68,60,Low,Business,27,2024-11-21
cc45a3a0-4935-4e9c-87a2-02873975c8a2,Tala,22230,5.44,60,Low,Medical,33,2025-01-24
c8116adb-fb3d-42b5-834a-8f88218ac9d2,Branch,21927,24.59,90,High,Business,21,2024-04-13
e037467f-249e-4a96-ac70-9d8b54a7a937,KCB M-Pesa,35696,23.46,45,High,Personal,39,2023-10-30
cc143823-0d54-417d-bb02-198591b697b8,Tala,27583,30.18,30,Low,Education,31,2024-11-09
b941ce15-0967-42f2-8094-bba6bf66d54c,Tala,22010,36.16,45,Low,Personal,38,2024-02-09
da24e351-8ff7-4c5d-a296-2fac047777b8,Tala,44564,7.78,60,High,Personal,46,2023-03-30
e0c658ef-d1f2-4570-8125-e0584617efa6,Tala,8313,30.6,60,Low,Emergency,2,2024-01-26
232add71-db39-4ef7-9add-2f4a835dd64a,Timiza,32098,11.56,45,High,Emergency,27,2023-11-30
aed43264-edee-4273-b6e7-3807772c3f3f,Timiza,47682,35.04,14,Low,Personal,36,2024-12-24
21d40434-c9aa-4531-8b25-accbeecd220b,KCB M-Pesa,28070,33.67,30,Low,Education,11,2023-05-15
75407e18-307b-4110-bcfb-7677982087ae,Fuliza,27582,23.93,90,Low,Personal,47,2023-03-31
0863fb74-2608-437e-9d2b-20deaba923cc,Tala,29741,29.86,45,Low,Emergency,18,2024-10-06
aa59d35e-ab76-41da-8e8a-4406ea94e9f6,Branch,31178,16.0,45,High,Education,59,2025-01-09
16c6c6da-38a1-4f4b-96cb-fe064529bbdb,Fuliza,45069,21.49,30,High,Personal,1,2024-06-24
08965d59-098d-418e-b79e-0bb223f676cb,Branch,12245,33.76,30,High,Medical,35,2023-03-27
74282ced-fba9-4965-8523-c2e989f34d2f,Fuliza,26529,21.07,60,Low,Medical,35,2024-10-20
66a946f0-cc55-467a-848c-94aa2c00e151,KCB M-Pesa,13525,17.52,45,Low,Personal,31,2024-07-08
3ce9c792-25e9-47c6-bbe0-e8f932515f51,Tala,36624,22.3,60,High,Education,28,2024-05-02
93956f76-f700-48c9-aa67-6b555a8ea363,Tala,14788,33.99,45,High,Personal,39,2024-08-09
7441e2c8-c1ef-4416-b5de-bcf12b46ce2d,M-Shwari,24150,16.73,45,Low,Personal,1,2024-07-11
ae9a96e8-94cc-4dc0-95a5-48525ab523d1,Branch,7040,11.08,30,Low,Emergency,25,2024-02-13
d88f0853-ff9e-4914-bed3-0bfea5e1c1d1,Fuliza,32732,29.92,60,High,Medical,43,2023-10-17
5805a750-af80-43a1-bf86-dfcab476eda4,Fuliza,16922,33.91,45,Low,Emergency,38,2024-11-20
87f0a4fd-e7f4-4df7-aa2d-918b1eafdc19,Timiza,3842,8.52,45,Low,Emergency,20,2023-10-13
2063a3e3-1684-4639-aa35-3c7c3c9429f9,M-Shwari,42346,13.4,45,Low,Personal,3,2023-07-08
316bcfec-ce71-4480-a8a3-a6ff2b902cde,Timiza,36112,9.97,90,Low,Emergency,51,2024-09-01
7fb2ac12-6e0c-473f-b3a3-4152825b82ca,Timiza,10896,17.18,14,High,Medical,2,2023-08-08
b41dec69-6c21-44e1-a540-45b9f2ab9fc4,Timiza,17982,20.76,60,High,Emergency,18,2024-06-19
0c85eac4-bd52-4f23-82b8-006db683f61a,Branch,23911,31.21,30,Low,Medical,44,2025-02-20
0c03e03f-4a74-4d62-a06b-026b79ea1f7e,Branch,47266,27.79,45,Low,Emergency,10,2023-12-06
87a66357-f1bf-4539-980e-2a08e6913cc5,KCB M-Pesa,13761,26.73,14,Low,Medical,5,2024-10-09
257ced86-d722-40c4-a9a1-840108678775,KCB M-Pesa,3593,17.33,30,Low,Emergency,9,2024-05-30
023ab6a3-bf4a-4be1-bb7a-c2fd210f8a99,Timiza,12222,34.45,45,Low,Emergency,2,2024-02-18
c7e095a2-b797-4c9d-8c87-2bf8360cae0f,M-Shwari,22542,21.5,14,High,Education,34,2024-02-02
99efa4d7-015b-404b-be37-3d5beada3c66,Fuliza,44913,39.27,45,Low,Medical,38,2023-04-15
5c19230b-01e4-4092-93ab-cbfb870b43de,Branch,48351,27.19,90,Low,Medical,31,2025-03-02
79137fa5-801c-4213-bfe2-dd0b7d602701,M-Shwari,28587,9.42,30,Low,Medical,10,2023-10-09
8c2d417d-a839-4f3b-90ce-47106c9e2566,Tala,32847,28.67,60,Low,Business,50,2024-08-31
4595642b-b88c-4b60-b775-ff9215b99af0,Branch,34256,16.38,45,Low,Emergency,12,2023-05-24
d71e5471-cb6c-4dc7-a38e-754e5afbad08,Branch,39714,29.02,45,Low,Medical,36,2023-06-11
01bdda2b-1ca4-47b1-949d-2349f535f8f3,KCB M-Pesa,16835,7.44,30,High,Business,54,2024-10-10
b32fb5dc-d679-406f-aa3f-424f9299367c,Fuliza,29102,11.12,30,Low,Education,21,2025-02-04
8136be41-d8f0-4341-9ef1-a3ed1cce3f18,Fuliza,49401,34.95,30,Low,Medical,49,2024-04-13
10041b41-d26a-469f-a5d4-12c99701d1f3,Tala,34950,12.95,14,High,Medical,47,2024-07-08
2db81eb7-ca28-4ddf-968d-f629d81bbfbb,Tala,32696,34.3,30,High,Business,6,2023-07-08
b67f2bb3-08ea-448a-889c-9105abaac478,Branch,6126,14.77,45,Low,Emergency,48,2024-01-13
b802151e-a11b-47ee-8041-a9c066fdcb00,Timiza,7924,27.5,60,High,Education,49,2025-02-20
c70329b1-e8cb-4bce-8752-10801eb8bade,KCB M-Pesa,13357,29.3,60,Low,Medical,3,2024-09-29
3baa4747-5303-48e3-8a74-0877f3922941,KCB M-Pesa,45423,22.94,45,Low,Emergency,10,2024-12-13
605fac24-f3c0-4a4b-91fa-775704b55c21,Branch,20482,15.69,30,Low,Education,5,2023-07-27
0fa8c413-2405-4791-9cd7-c816a3b3cc46,M-Shwari,11925,12.44,30,High,Personal,46,2024-09-15
97d5886f-ed36-4a2d-bfa4-2d385a1d71c3,Timiza,2480,6.16,30,High,Personal,26,2023-05-06
343a9619-d16a-4824-99be-8670b3190f99,Branch,48790,15.64,30,Low,Education,21,2024-11-25
7a347978-a4c6-4a74-9ca7-7ee1cb7c52e9,Timiza,26931,27.86,45,Low,Business,45,2024-11-05
c2932af2-e2d1-44d3-b357-8d62e17ceecd,Timiza,19940,37.84,45,High,Education,26,2025-02-15
4bc1f234-62dd-46e0-b3a7-33c0d546c482,Timiza,42252,35.49,30,Low,Education,38,2023-07-15
9b715a59-93fe-4a4f-9d29-545b61fae9c9,Branch,17675,31.81,30,Low,Business,44,2023-11-29
515412ce-54cd-45e6-85e0-26200b73b549,KCB M-Pesa,49151,32.6,60,High,Business,26,2024-07-19
fde75758-4ae3-4254-84da-666ceb14a8aa,KCB M-Pesa,26885,28.27,60,High,Emergency,8,2023-07-23
7dddb47a-f9d0-4fb7-8892-66b81512759e,Timiza,38658,14.11,30,High,Emergency,5,2024-01-20
97bc26e6-0718-4e87-860a-5c211f8602b5,M-Shwari,23519,36.75,90,High,Business,15,2024-04-07
a762349c-fc29-43c0-a8b0-11292f4f164e,Fuliza,19139,28.48,90,Low,Personal,59,2023-04-18
d689bb8f-9d0b-4723-b23b-454a0b23cafd,Branch,20494,24.62,30,High,Personal,16,2023-06-05
8261c31a-220b-442b-b69e-bbcc5219ff91,Fuliza,34875,8.88,30,High,Education,1,2023-06-10
9b12fed3-018d-4e4e-b0b1-c54277703dc6,M-Shwari,22063,20.65,45,Low,Medical,16,2023-09-12
702a1e3a-9ddc-4f54-88e8-5951de917f18,Branch,39841,21.11,90,Low,Education,37,2024-09-24
1de14683-daba-4e0b-8e7b-3d65a8176b5f,Timiza,6276,35.26,60,Low,Education,3,2024-06-05
8a9c0cef-a3d7-4756-8e8c-023319c81698,KCB M-Pesa,36944,24.13,30,Low,Medical,52,2023-08-08
cdc741ee-8a48-4f9f-9307-bd748f15d8e5,Fuliza,3880,18.31,30,High,Business,47,2024-07-24
b9ef6371-5164-494e-84dd-f6de3745f383,Tala,9211,39.19,45,High,Personal,31,2023-08-03
0f8c21c3-3741-485a-9570-d91edb2f5cc4,Tala,9282,8.88,45,Low,Education,13,2024-01-21
59d5a2b8-0cec-49d8-a59f-e02305d95749,M-Shwari,17934,19.79,30,Low,Medical,56,2023-10-15
afa274e3-bb3b-456b-876f-c69a602252e1,Timiza,47265,6.47,60,High,Emergency,16,2024-11-20
ec367133-3fad-472b-ae71-93f9f55e93ca,Fuliza,20517,30.9,45,Low,Education,55,2024-10-25
dd6d0817-ad27-4263-85f4-972c5de448f5,Timiza,31207,37.13,60,Low,Personal,43,2023-10-21
a670c5da-33fe-45b0-86a9-f26296a04bc9,Fuliza,39610,14.8,60,Low,Business,21,2024-10-04
4c30e19a-19ae-4dce-8b35-4a468afc84ef,M-Shwari,17843,35.04,60,Low,Education,2,2025-01-15
35aab4b5-0b54-4719-8cf8-b5e5573f7499,M-Shwari,39327,15.23,45,Low,Education,54,2023-03-18
57bb159b-221d-429f-8850-388bcf6ed610,Tala,42152,36.88,45,Low,Medical,27,2024-05-03
c9ab3146-60a8-46d0-9984-bdd9f3243db3,Timiza,6155,31.39,30,Low,Emergency,38,2024-06-18
8b16d61b-ff5c-4d1a-8251-30ecbd506a1f,Branch,45359,33.17,45,Low,Emergency,26,2025-03-10
1fc8b9aa-c365-4847-bc11-228e5d35460a,Tala,15751,5.63,30,Low,Business,58,2023-12-28
4851b6f8-70ad-4d92-b489-d76c75da010c,Timiza,1026,38.7,45,Low,Personal,59,2023-07-31
b9621082-e41d-4d9c-b854-438c6bb5b9d5,Tala,3724,30.43,30,High,Business,38,2024-12-02
1b295eb1-185d-4e61-adc7-8ab0259c9912,Branch,48337,15.67,30,High,Education,46,2023-05-14
fe92ec59-ec89-40f2-9d5b-400c3fc85a9c,KCB M-Pesa,12036,34.03,30,Low,Education,25,2024-11-23
62932384-b50e-4810-b6b4-5a2e7a7b033b,KCB M-Pesa,29041,14.85,14,Low,Emergency,11,2024-06-13
63087919-74e5-41ff-bcde-d85955970e4f,KCB M-Pesa,14047,35.55,60,High,Personal,8,2023-07-02
75436249-5e60-42f2-8e9e-84efa4d60741,KCB M-Pesa,35031,8.94,60,Low,Medical,8,2023-07-01
9dc79877-68b3-4158-be78-cac1233ee241,Fuliza,9212,29.63,45,Low,Personal,33,2024-05-26
a46b0822-058a-4d74-97c8-888dd551d88d,KCB M-Pesa,39065,23.92,30,High,Education,53,2023-04-28
9f4ad6b5-efcb-49c8-a9f6-08f1eda526ec,Branch,9708,8.38,14,High,Medical,7,2023-05-26
ca6d46b7-8601-477e-a8f1-aef9cc5c2bef,M-Shwari,5609,13.47,14,High,Personal,38,2024-05-19
719b37be-0894-4963-a9e8-17db4ce2df3c,M-Shwari,49768,5.43,30,Low,Personal,21,2024-02-11
433a2f88-7638-469a-a4d5-4adf8f210603,Fuliza,35701,21.41,60,High,Medical,8,2024-10-09
0d9b8455-5684-435f-b4db-376e50a7198a,KCB M-Pesa,17467,15.54,30,Low,Education,51,2023-09-03
1f9da3e6-fdb4-41d4-b0b1-a001eb103301,KCB M-Pesa,30259,25.94,30,High,Personal,54,2024-10-15
3cd1d263-a91a-41fc-833f-e77d054e1d31,KCB M-Pesa,20672,15.4,30,Low,Medical,21,2023-05-12
e261620c-1df4-4f45-82ed-adb0f79084d0,Tala,37435,15.5,30,Low,Education,56,2025-01-01
cffb459e-56c3-4017-a607-78908dc62681,Timiza,27089,31.01,45,High,Medical,20,2023-12-11
8dcfb0d5-789a-4338-a0d3-bbceae4a0816,Tala,30515,6.68,45,Low,Medical,8,2024-07-13
b12ec65a-914a-4443-84d7-563256cc5e68,Timiza,29509,36.6,30,Low,Personal,58,2024-08-31
2cd4a6f7-d930-478a-b9f4-8e42a9688eda,KCB M-Pesa,18273,34.83,14,High,Education,46,2024-02-02
204ed80d-df16-4cf4-a1fe-d02f5dc53e53,KCB M-Pesa,41625,28.37,30,Low,Personal,31,2024-10-28
6bfef85c-0aa2-4fa2-adc3-6a4d9e083c64,Tala,26643,25.76,30,Low,Business,50,2023-10-03
5fbb464c-e4ba-48f1-a27b-1eeac549c20a,Tala,6654,36.23,30,Low,Business,57,2024-04-06
cbb3404f-623f-47c2-a1d4-2585f2715b3e,Timiza,22304,11.49,90,High,Education,29,2024-08-07
c71aed1c-c71c-4275-90bd-e50fa2046ea9,M-Shwari,42188,7.76,45,High,Medical,48,2024-01-09
3837765b-b439-4146-8827-a65a3a6eb388,Timiza,21081,13.38,45,Low,Personal,9,2024-08-16
8052fbc9-8d90-4cf4-968a-d733025e8c16,Tala,30587,32.81,45,High,Personal,15,2023-10-24
ba7c7a69-1321-4a6e-ae6d-85255d346104,Branch,33481,6.21,45,Low,Education,30,2024-05-31
ba32a813-8cb4-4d14-bd7b-8858dedd2409,Tala,4262,25.4,45,High,Education,26,2025-02-06
1ca3b0b1-a094-4d0c-97ba-4ac6f523d354,Branch,46667,39.84,45,Low,Business,10,2023-05-21
eee50dd6-2fbb-42f7-a600-7cb2fa3fffc2,Fuliza,10268,34.95,60,Low,Emergency,29,2023-10-30
aa956b8d-6eca-4dba-bad3-634512a27caa,Tala,43908,23.25,30,High,Education,54,2023-09-19
fd615034-cd87-4442-9431-2112a3ec5b35,Fuliza,39999,7.23,45,Low,Emergency,16,2024-12-25
bb19abc8-92b8-4f2f-854f-46f8d9d40cd4,M-Shwari,39059,34.1,45,Low,Education,36,2023-05-26
89bfcd8b-1e89-484a-a58f-b6bd94e19a0a,Timiza,49090,25.96,60,Low,Medical,20,2024-04-25
3af57485-5552-4d35-b25f-af9f1c9e004b,Branch,9283,9.02,45,High,Medical,45,2025-02-25
78dff12f-10ab-411a-9638-c12ca9c49218,Timiza,46889,8.29,45,Low,Business,54,2024-05-27
ebc4c366-b730-4ef7-84df-1d6c96e098af,Fuliza,30281,36.84,30,Low,Business,37,2023-04-02
6a6bda04-69a4-48c5-9f58-5b43edae84e3,Branch,31311,28.42,45,Low,Emergency,22,2024-12-14
3cbea89d-2b58-4536-874e-484296494adb,Timiza,49287,34.03,30,Low,Education,7,2024-11-21
20451f7f-e490-4e56-a1f3-b61a928feda0,Tala,35988,35.76,30,Low,Personal,23,2023-06-20
4641b871-5eb0-4644-a171-55d1833d3433,KCB M-Pesa,9405,25.01,30,High,Business,41,2025-02-13
b9c88358-7075-4b68-86a7-a04e466b98ec,Fuliza,9627,23.11,45,High,Personal,40,2024-05-21
823316fa-7910-4d28-9119-e2b6e696b8c5,Timiza,22931,20.06,30,Low,Personal,29,2024-03-04
d51a856a-7b6a-4d05-b1ed-b886f61cfdb2,Fuliza,49653,16.09,30,Low,Education,16,2023-07-23
482ace1f-dccf-492b-9145-39094fbfe628,Fuliza,6868,20.21,60,Low,Emergency,38,2023-08-31
1cf0822c-ed20-40cf-a902-d147897593eb,Branch,27924,32.09,30,Low,Education,28,2024-12-09
6b73aecc-d2a6-4212-baac-882bb0b19ee3,Branch,47324,26.07,45,High,Business,48,2023-08-10
7e14577d-ae9a-44ea-a976-b23dc6e3ac7a,KCB M-Pesa,45504,36.24,45,Low,Personal,38,2023-05-31
00fa86a3-e689-4f3e-ba9b-a474bacc2c07,Tala,18833,20.52,14,Low,Education,31,2024-04-17
43816c0e-96fd-46c9-bc0b-d9137e8d7090,Fuliza,23616,26.25,60,High,Education,14,2025-01-11
83a9255f-944d-4e60-a9df-f600ddefba3c,Timiza,47719,27.1,14,Low,Education,53,2024-02-07
a371c3ba-403f-4206-a069-92821e4ea3fb,M-Shwari,43701,25.71,45,High,Business,33,2023-10-10
3718b11f-6f9c-4b5b-ae80-6101ca204efe,Fuliza,16025,29.59,45,Low,Emergency,57,2023-05-27
87a26201-643d-4c5a-9955-c459040491aa,Fuliza,23898,13.31,45,High,Education,9,2024-09-04
0fde73c1-ac30-4eac-8fb8-e8ac1eeda48d,KCB M-Pesa,33357,22.93,45,High,Business,57,2024-01-25
b2f2fc8c-4118-4c04-aa07-845a06aca88d,Tala,10861,8.65,30,High,Personal,27,2024-02-10
f0061ad3-d83b-4584-b50e-469bf618434c,M-Shwari,16869,18.46,14,High,Medical,24,2023-04-03
2d69fa1f-11f2-4045-8db2-6602531ff96b,Branch,3541,22.07,60,Low,Business,13,2023-05-01
f9270989-26cc-4ae3-b20e-d70329900c42,Branch,605,27.83,45,Low,Medical,26,2024-09-13
dd58f17b-5160-434a-848f-92623192ca03,Timiza,9578,38.27,60,High,Education,29,2024-11-05
73dbc677-eb42-4e16-b843-f0f4db912a37,M-Shwari,25503,26.02,60,Low,Education,51,2024-08-31
9fff78ed-867a-4eba-bd7e-7eaddfb23e73,Branch,6590,31.03,60,Low,Business,49,2024-04-13
3cb3aef6-711a-4085-8627-82cde0161be8,Timiza,39350,22.72,45,Low,Medical,43,2023-03-30
dbaa77f4-05fb-4b83-9996-746a91538478,Tala,2425,27.19,30,Low,Education,28,2024-09-05
d682ddbe-9a89-47f0-b795-16747bfd7739,Timiza,18940,7.48,60,Low,Personal,28,2024-08-29
09cbcf55-e08a-4c57-924a-3f781699ed37,Branch,40185,13.9,45,Low,Emergency,8,2023-10-28
92d08985-cd84-40e0-b116-e70fcaa750dc,KCB M-Pesa,26515,17.66,30,High,Emergency,23,2024-01-21
4c74b8e7-c0ef-4aac-9029-6bbba53e2895,KCB M-Pesa,33820,21.54,60,Low,Education,29,2024-04-06
66959d82-b6a0-4cc2-85e0-81380ffac852,KCB M-Pesa,25791,6.6,60,Low,Medical,5,2024-09-24
ba759249-5549-4ff5-97e9-005042dfddb3,Branch,37179,9.9,45,Low,Education,42,2024-11-19
c7ca0e5c-c9e0-42ee-8f14-e3d2b72c2b1f,KCB M-Pesa,26789,14.69,14,Low,Medical,7,2023-09-07
33be22e9-e9fb-470b-9357-1f6b1a509c6e,M-Shwari,3889,39.0,30,High,Personal,42,2023-05-17
e69cc3b2-504a-4323-96c8-7774b490c10b,Tala,26183,16.6,60,Low,Medical,36,2025-02-14
0be747e4-df27-4889-a2cd-5259d19894b1,Timiza,14129,21.87,90,Low,Education,41,2023-11-24
94368d27-297c-46be-bea9-fa23e835e6c8,Timiza,25326,11.86,30,High,Personal,27,2024-12-27
9ae97792-5602-4118-b72d-a050967b020a,Branch,35698,26.38,14,Low,Business,58,2024-08-20
bf1d537a-b8cf-4f4f-a5fa-179369692a42,KCB M-Pesa,27130,14.82,60,Low,Emergency,46,2024-06-27
7aa83a23-d07f-4d19-9b5c-89444887dd91,KCB M-Pesa,33726,12.24,30,Low,Education,2,2023-06-11
97556930-793d-4a02-8175-cd4de15a2723,Fuliza,46663,23.08,45,High,Education,25,2024-05-29
7430a217-3bfa-4a40-9785-eaf0ed9de729,Tala,33475,5.19,90,Low,Education,9,2024-11-26
52a19c2e-3856-4a67-9279-63a865331f33,M-Shwari,1399,5.27,14,Low,Personal,53,2023-10-21
0a886239-4a50-49eb-858f-a70ff3409a4b,Timiza,12153,12.67,45,Low,Business,27,2025-01-30
d3345ade-2175-476d-b77e-7548f8eadd06,Fuliza,28461,6.29,14,Low,Medical,1,2024-06-18
e86ce185-defe-46ff-9212-925c80daa50b,Fuliza,16905,8.78,30,Low,Business,23,2023-07-17
7426f754-e58b-4650-994b-21618a00321d,Branch,9101,16.86,60,Low,Personal,10,2024-12-13
e51bca90-7d28-41a6-ac03-031197cf0f48,Timiza,34162,33.09,45,Low,Education,42,2024-06-24
cb025ce2-afa6-4a71-8f64-927628cda422,Branch,33782,25.02,90,High,Emergency,52,2024-05-20
e6c20b16-66e8-49a1-be4f-339cb8dae257,M-Shwari,21788,22.94,45,High,Education,25,2023-05-21
4052075e-0efc-42b7-85ec-cd2fee7f0505,Fuliza,30045,15.27,30,Low,Medical,54,2025-03-06
b6a96d31-0bf0-4eef-aadc-a621149f01cc,Fuliza,37377,37.61,30,High,Emergency,3,2024-02-20
11b05c7e-9c94-4c81-a69e-f1c240155e3d,Tala,46526,18.9,30,Low,Education,6,2023-12-24
62936773-4a44-460c-ab14-71d2c1698a11,M-Shwari,15813,8.05,30,Low,Emergency,58,2025-01-09
9a0a6781-f1ee-490d-9283-5129a9ac3494,Fuliza,15849,26.6,14,High,Business,6,2025-03-01
9d9621b8-7d9a-4080-8f03-ef42b8e9458d,M-Shwari,7679,8.98,30,High,Personal,53,2025-03-06
bdd8c166-ddca-4e4d-b956-a09926ece0b2,Timiza,10826,17.08,45,High,Education,2,2024-04-04
606f223f-0f76-46af-b675-15b188e50361,KCB M-Pesa,45055,22.76,60,Low,Medical,58,2024-01-09
dfb13c8d-94ba-4b7d-a759-9e2123c521af,Fuliza,2060,35.6,45,High,Business,58,2024-11-18
287c920e-2c39-4eb4-aa2a-60a5dc704c73,Tala,14112,22.27,60,Low,Education,18,2025-03-14
3e2206df-8b53-4ec8-984c-3a38fb90455e,Timiza,18150,29.58,14,High,Business,23,2023-11-10
cf93728c-6044-4750-8195-d1f47f8bef26,M-Shwari,27245,39.75,30,High,Medical,2,2024-02-09
bb544fd9-cbd4-4a22-a706-cfe566d19de8,Branch,32390,9.6,45,Low,Education,12,2023-05-08
2aba94a1-cd51-4657-92ba-f889827149f5,Timiza,20522,14.62,45,High,Medical,22,2023-10-15
f4b4c11d-2551-45d2-81af-178e08d7e7f7,Fuliza,5280,18.81,14,Low,Emergency,37,2023-08-06
b42f906d-134e-43a6-808e-851e6c4e42e7,M-Shwari,18811,19.76,60,Low,Medical,20,2024-07-23
214cef68-ce27-4c6e-b1f3-b5e98fbe3017,KCB M-Pesa,28880,19.39,60,Low,Emergency,39,2023-09-09
c75c698c-cef1-46c5-9bee-c4dbd1e1fbcf,Timiza,45162,36.77,45,Low,Education,24,2024-12-02
07f738b4-0be7-4641-95d5-bb4daa72bd2f,Fuliza,2856,29.99,14,High,Emergency,48,2023-05-21
ca7f6bd2-5e23-4c32-ae40-751fbfac5854,Tala,5290,26.28,60,High,Education,20,2023-04-06
b8fd7d29-3940-4d86-9b0c-38c01fdb1d9e,Branch,27411,15.83,45,Low,Education,1,2023-09-10
7c8f25c7-a25b-48f4-b91a-dc69ad2710b9,M-Shwari,49958,33.83,60,High,Personal,1,2023-04-05
64d0df10-9731-4d02-b18c-8e1e40861aca,Timiza,24863,38.43,60,High,Education,17,2024-08-05
a6e4da89-752b-456e-a8b1-5d02075b684b,Timiza,20549,33.74,60,Low,Emergency,59,2023-05-04
debf21c1-9488-4c79-a7e1-64bf82081cee,KCB M-Pesa,10681,5.05,45,High,Personal,1,2023-04-18
7c35133d-0f6e-4c42-b384-949a6ebbd416,KCB M-Pesa,40325,27.27,30,Low,Personal,53,2024-09-26
c2eb350c-54ce-4f39-92af-476cfef694bb,Tala,16582,6.79,45,High,Education,52,2023-10-07
d187aed1-a1b8-4547-8750-cac6b5447346,Branch,1161,14.02,45,Low,Medical,45,2024-07-12
03824ffa-30a0-44a9-8d73-16a43716ca88,Tala,37912,7.08,60,Low,Medical,30,2023-08-21
060e39ca-c6fa-4460-b19b-f7f8b165ebac,Fuliza,48979,26.13,30,Low,Personal,41,2023-04-22
34f3f920-11ae-463f-a64d-c9636cd72f66,Fuliza,3420,29.03,30,High,Education,47,2024-10-07
9c3bc4b0-50a4-458b-b8da-c70bcb940942,Tala,26158,9.01,60,Low,Medical,3,2024-07-27
